ИСУ,Наименование,Сроки,Год,Тип,Ранг,Роли
1, Пятьдесят вторая (LII) научная и учебно-методическая конференция Университета ИТМО,31 Января - 03 Февраля,2023,Конференция,университетский,Участник
1,Деятельность проекта &quot;Адаптер&quot;. Осень 2018,31 Августа - 31 Января,2018,Проект,университетский,Волонтер
1,День открытых дверей Университета ИТМО для будущих бакалавров,27 Января,2019,День открытых дверей,университетский,Волонтер
1,Startup Aquarium,26 Мая,2023,Конференция,городской,Ответственный исполнитель
1,Квест-игра &quot;Fotonics Horror Story&quot;,25 Сентября,2019,Квест,факультетский,Ответственный исполнитель
1,ITMO OPEN TALK с Евгением Мутовкиным,22 Декабря,2022,Митап,университетский,Ответственный исполнитель
1,День открытых дверей Университета ИТМО,21 Апреля,2019,День открытых дверей,университетский,Волонтер
1,Выездной лагерь МФ Фотоники в рамках &quot;ITMO.Megabattle&quot;,19 Октября - 20 Октября,2019,Лагерь,факультетский,Организатор
1,ITMO FAMILY DAY,18 Июня,2022,Фестиваль,городской,Участник
1,День открытых дверей Университета ИТМО для будущих бакалавров,16 Декабря,2018,День открытых дверей,университетский,Волонтер
1,Фестиваль для школьников ITMO.START,15 Сентября,2019,Фестиваль,университетский,Волонтер
1,Прикладная оптика 2022,15 Декабря - 16 Декабря,2022,Конференция,международный,Участник
1,IT Conf 2.0: IT в меняющемся мире,08 Апреля,2023,Конференция,городской,Ответственный исполнитель
1,Чемпионат Университета ИТМО среди первокурсников по бадминтону,07 Октября,2017,Соревнование,университетский,Участник
1,Турнир новичка Университета ИТМО по бадминтону,07 Октября,2017,Соревнование,университетский,Участник
1,XII Конгресс молодых ученых,03 Апреля - 06 Апреля,2023,Конгресс,всероссийский,Участник
1,Участие клуба ITMO impact на Epicon 2023,02 Июня - 06 Июня,2023,Квест,городской,Волонтер
12,Halloween Party,31 Октября,2020,Вечеринка,университетский,Организатор
12,Introduction Days,31 Августа - 03 Сентября,2020,День открытых дверей,университетский,Волонтер
12,Посвящение в студенты «ITMO.GO!»,31 Августа,2019,Праздник,университетский,Участник
12,Halloween with Speaking Club in Yagodnoye,30 Октября - 31 Октября,2021,Праздник,университетский,Организатор
12,Культурный квест,29 Сентября,2019,Квест,городской,Волонтер
12,Отвальная,29 Августа,2020,Праздник,университетский,Ответственный исполнитель
12,Movie night (2020-2021 2nd semester),28 Января - 25 Июня,2021,Встреча,университетский,Организатор
12,Лига Университета ИТМО по шахматам (финальный круг) (Kronbars Games),28 Мая - 29 Мая,2022,Соревнование,университетский,Участник
12,Мастер-класс по танго &quot;Dance&amp;speak&quot; среди студентов Университета ИТМО,26 Мая,2023,Мастер-класс,университетский,Ответственный исполнитель
12,Workshop on eco-habits and eco-awareness with the speaking club,26 Марта,2021,Воркшоп,университетский,Ответственный исполнитель
12,Гастрономический квиз «Рататуй»,26 Марта,2021,Игра,университетский,Волонтер
12,FLAME XMAS BATTLE 2020,26 Декабря,2020,Показательные выступления,университетский,Участник
12,Съёмки новогодних танцевальных видео,26 Декабря,2021,Концерт,университетский,Участник
12,Student Baltic Weekend'19,25 Сентября,2019,Конференция,межвузовский,"Волонтер, Пресс-секретарь"
12,Праздник выпускников &quot;Алые паруса 2021&quot;,25 Мая - 25 Июня,2021,Концерт,городской,Участник
12,Speaking Club &amp; Yagodnoye vol. 2,25 Июня - 26 Июня,2022,Лагерь,университетский,Организатор
12,Новогодний all styles баттл 2021,25 Декабря,2021,Концерт,университетский,Участник
12,Выездное заседание ученого совета в Хайпарке,25 Августа - 27 Августа,2020,Заседание,университетский,Волонтер
12,French Speaking sessions,23 Сентября - 24 Декабря,2021,Дебаты,университетский,Организатор
12,Speaking Club (2020-2021 2nd semester),22 Января - 02 Июля,2021,Дебаты,университетский,Организатор
12,English Speaking Club (2022-2023 AS),22 Сентября - 31 Января,2022,Дебаты,университетский,Организатор
12,French Speaking Club (2022-2023 AS) ,22 Сентября - 03 Февраля,2022,Дебаты,университетский,Организатор
12,Movie Night (2022-2023 AS),22 Сентября - 03 Февраля,2022,Митап,университетский,Организатор
12,ИТМО с тобой. Музыкальное видео,22 Июня - 11 Июля,2020,Акция,университетский,"Волонтер, Участник"
12,Club de conversation 2020-2021,21 Января - 18 Июня,2021,Дебаты,университетский,Главный организатор
12,International Students’ Day,21 Ноября - 22 Ноября,2020,Праздник,университетский,Участник
12,Новогодний ALL STYLES баттл,21 Декабря,2019,Концерт,университетский,Участник
12,ITMO.MUSICAL «Последний заказ»,20 Мая,2021,Концерт,университетский,Участник
12,Speaking Club &amp; Yagodnoye,19 Июня - 20 Июня,2021,Лагерь,университетский,Организатор
12,English Speaking Club (2021-2022 2nd semester),18 Февраля - 24 Июня,2022,Дебаты,университетский,Организатор
12,French Speaking sessions (2nd semester 2021-2022),18 Февраля - 23 Июня,2022,Дебаты,университетский,Организатор
12,Movie Night 2021-2022 (spring semester),18 Февраля - 17 Июня,2022,Митап,университетский,Организатор
12,Квиз от Разговорного клуба и Интеллигенции,17 Февраля,2023,Квест,университетский,Организатор
12,Выезд выпускников в Ягодное,17 Сентября - 18 Сентября,2022,Круглый стол,факультетский,Ответственный исполнитель
12,Club de conversation,16 Октября - 24 Декабря,2020,Дебаты,университетский,Организатор
12,Третья международная конференция More than ESP: Связывая специальность и иностранный язык,16 Октября - 18 Октября,2019,Конференция,международный,Волонтер
12,«История успеха: из выпускника ИТМО в тимлидеры команды Technical Support»,16 Декабря,2020,Вебинар,прочее,Участник
12,Лекция Фэриса Алами «От старта к масштабированию. Как переключиться с режима запуска на режим роста? Какие шаги предпринять?»,14 Октября,2019,Лекция,университетский,Участник
12,Чемпионат Университета ИТМО по шахматам (онлайн),14 Ноября - 25 Декабря,2021,Взаимодействие с аудиторией,университетский,Участник
12,Лига Университета ИТМО по шахматам (Kronbars Games),13 Ноября - 16 Ноября,2021,Соревнование,университетский,Участник
12,Лига Университета ИТМО по шахматам (2 круг) (Kronbars Games),12 Февраля - 13 Марта,2022,Соревнование,университетский,Участник
12,Speaking club 2020,11 Сентября - 18 Декабря,2020,Дебаты,университетский,Организатор
12,Digital Generation - Старт.,11 Сентября,2019,Тренинг,университетский,Участник
12,Кино-квест по местам съёмок фильма «Питер FM»,11 Октября,2020,Квест,университетский,Волонтер
12,Speaking Club &amp; Yagodnoye vol. 3,11 Июня - 12 Июня,2023,Выезд,университетский,Организатор
12,Цифровой выпускной в Университете ИТМО «ИТМО.Live-2020»,11 Июля,2020,Торжества,университетский,"Волонтер, Волонтер"
12,English Speaking Club (2021-2022 1st semester),10 Сентября - 24 Декабря,2021,Дебаты,университетский,Организатор
12,Интенсив по изучению основ UI/UX дизайна клуба DesArm (приложение Figma + UI kit),10 Ноября - 12 Ноября,2020,Вебинар,университетский,Участник
12,"0,33 battle",09 Ноября - 10 Ноября,2019,Соревнование,городской,Участник
12,Perspektywy Women in Tech Summit 2020 ,08 Декабря - 09 Декабря,2020,Круглый стол,международный,Участник
12,Четвертая международная конференция More than ESP: from the classroom to the workplace,08 Апреля - 09 Апреля,2021,Конференция,международный,Волонтер
12,"Информационная встреча, посвященная международным программам Университета ИТМО",06 Сентября,2019,Встреча,университетский,Участник
12,English Speaking Club (2022-2023 SS),06 Марта - 30 Июня,2023,Дебаты,университетский,Организатор
12,Movie Night (2022-2023 SS),06 Марта - 30 Июня,2023,Митап,университетский,Организатор
12,French Speaking Club (2022-2023 SS),06 Марта - 30 Июня,2023,Дебаты,университетский,Организатор
12,Фестиваль студенческого творчества вузов Санкт-Петербурга «АРТ-СТУДиЯ!» 2020,05 Октября - 26 Октября,2020,Фестиваль,городской,Участник
12,Фестиваль Студенческая весна Санкт-Петербурга 2021,05 Апреля - 03 Мая,2021,Конкурс,городской,Участник
12,ITMO.GO 2020. Праздник первокурсников ,04 Сентября,2020,Посвящение,университетский,"Волонтер, Участник"
12,Конференция Linux Piter 2019,04 Октября - 05 Октября,2019,Конференция,международный,Организатор
12,Научный стендап «Квантовый потанцевал»,03 Ноября,2020,Вечер,городской,Участник
12,INTRODUCTION DAYS,02 Сентября - 03 Сентября,2019,Фестиваль,университетский,Участник
12,Movie Night 2021 (fall semester),01 Октября - 29 Декабря,2021,Митап,университетский,Организатор
12,Гимн Университета ИТМО. Музыкальное видео,01 Ноября - 30 Декабря,2019,Акция,университетский,Участник
12,Проект «Buddy system»,01 Августа - 31 Января,2020,Проект,университетский,Ответственный исполнитель
4, Пятьдесят вторая (LII) научная и учебно-методическая конференция Университета ИТМО,31 Января - 03 Февраля,2023,Конференция,университетский,"Спикер, Участник"
4,ИТМО в КИНО,31 Октября,2018,Вечеринка,университетский,Волонтер
4,Деловая игра «Действуй!» в рамках проекта «Адаптер Университета ИТМО»,31 Марта,2018,Игра,университетский,Участник
4,«Своя игра» по теме Genshin impact,31 Декабря,2022,Игра,университетский,Ответственный исполнитель
4,Деятельность проекта &quot;Адаптер&quot;. Осень 2018,31 Августа - 31 Января,2018,Проект,университетский,Волонтер
4,Introduction Days,31 Августа - 03 Сентября,2020,День открытых дверей,университетский,Волонтер
4,Посвящение в студенты «ITMO.GO!»,31 Августа,2019,Праздник,университетский,Волонтер
4,ITMO_ENTER: offline,30 Августа - 03 Сентября,2021,Марафон,университетский,Волонтер
4, Выставки-пристройство кошек из благотворительного фонда «Брошенный ангел»,29 Февраля - 30 Июня,2020,Акция,городской,Волонтер
4,Общее собрание &quot;серебряных&quot; волонтеров Санкт-Петербурга,29 Сентября,2019,Собрание,городской,Волонтер
4,Планета детства 2018,29 Марта - 01 Апреля,2018,Выставка,региональный,Волонтер
4,Hult Prize 2021 Saint Petersburg Impact Summit,29 Апреля - 30 Апреля,2021,Конференция,международный,Волонтер
4,День открытых дверей Университета ИТМО для поступающих в бакалавриат,28 Января,2018,День открытых дверей,университетский,Волонтер
4,Обучение дрессировке и выгул собак в приютах,28 Февраля - 31 Августа,2021,Акция,городской,Волонтер
4,Помощь фонду &quot;Добрый город Петербург&quot; на XV форуме Старшее поколение,28 Сентября - 01 Октября,2022,Фестиваль,международный,Волонтер
4,День единых действий,28 Ноября,2020,Акция,городской,Волонтер
4,День открытых дверей Университета ИТМО для будущих бакалавров,27 Января,2019,День открытых дверей,университетский,Волонтер
4,День снятия блокады Ленинграда,27 Января,2021,Акция,городской,Волонтер
4,Торжественно-траурная церемония возложения венков и цветов на Пискаревском мемориальном кладбище,27 Января,2020,Акция,городской,Волонтер
4,Выезды в приюты для собак  на выгулы и дрессировки,27 Февраля - 31 Августа,2020,Акция,городской,Волонтер
4,Выгул собак в приютах с бездомными животными,27 Февраля - 31 Августа,2022,Акция,городской,Волонтер
4,Цифровые волонтеры. Техническая помощь преподавателям,27 Сентября - 31 Января,2021,Проект,университетский,Волонтер
4,Общее собрание &quot;серебряных&quot; волонтеров Санкт-Петербурга,27 Сентября,2022,Встреча,городской,Волонтер
4,Гала-концерт межфакультетского фестиваля студенческого творчества &quot;Я-первокурсник&quot; 2017,27 Октября,2017,Гала-концерт,университетский,Участник
4,Фестиваль актуального научного кино (ФАНК),27 Ноября - 11 Декабря,2019,Фестиваль,городской,Ответственный исполнитель
4,Выставка научно-технологического искусства STAGE 2022,27 Мая - 24 Июля,2022,Выставка,городской,Волонтер
4,Выставка-пристройство кошек приюта “Котофеи”,26 Октября - 28 Декабря,2019,Акция,городской,Волонтер
4,День открытых лабораторий,26 Октября,2022,День открытых дверей,городской,Волонтер
4,Чемпионат университета ИТМО по пулевой стрельбе,26 Ноября - 10 Декабря,2018,Соревнование,университетский,Участник
4,День Университета ИТМО в ИТШ №777,25 Октября,2019,День открытых дверей,городской,Волонтер
4,День открытых дверей Университета ИТМО для поступающих в бакалавриат,25 Ноября,2018,День открытых дверей,университетский,Волонтер
4,1/4 финала открытой лиги КВН POINT Университета ИТМО 2019,25 Мая - 26 Мая,2019,Конкурс,городской,Волонтер
4,Гала-концерт фестиваля студенческого творчества &quot;Весна в ИТМО&quot; 2018,25 Мая,2018,Концерт,университетский,Участник
4,Гала-концерт межфакультетского Фестиваля студенческого творчества &quot;Весна в ИТМО&quot;,25 Мая,2018,Гала-концерт,университетский,Участник
4,"Выпуск журнала NewTone №32, сентябрь 2018",25 Июня - 01 Сентября,2018,Издание,городской,Участник
4,Выездное заседание ученого совета в Хайпарке,25 Августа - 27 Августа,2020,Заседание,университетский,Волонтер
4,День открытых лабораторий 5.0,24 Февраля,2022,День открытых дверей,городской,Волонтер
4,Международная выставка «Город собак»,24 Октября - 25 Октября,2020,Фестиваль,городской,Волонтер
4,ITMO.OPEN: Educational practices,24 Мая - 25 Мая,2021,Повышение квалификации,прочее,Волонтер
4,Финал 2 раунда &quot;ITMO.Megabattle&quot;,24 Мая,2019,Концерт,университетский,Участник
4,Фестиваль &quot;Другие школы&quot;,24 Марта,2019,Фестиваль,городской,Волонтер
4,Новогодняя встреча клуба «ITMO impact»,24 Декабря,2022,Встреча,университетский,Ответственный исполнитель
4,День донора Университета ИТМО,24 Апреля - 29 Апреля,2019,Акция,университетский,Волонтер
4,Международная выставка «Город собак»,24 Апреля - 25 Апреля,2021,Выставка,международный,Волонтер
4,Онлайн-интенсив &quot;Смешанное обучение: цифровые компетенции преподавателя&quot; (24-29 августа),24 Августа - 29 Августа,2020,Конференция,университетский,Волонтер
4,Церемония награждения лучших волонтеров в Капелле,23 Сентября,2022,Конкурс,городской,Участник
4,Конференция &quot;Менеджмент в 2022 году&quot;,23 Октября,2022,Конференция,региональный,Волонтер
4,НейроФорум-2018,23 Ноября,2018,Форум,всероссийский,Волонтер
4,Онлайн-интенсив ITMO.Expert «Технологии персонифицированного обучения»,23 Августа - 27 Августа,2021,Курс,университетский,Волонтер
4,Онлайн-интенсив &quot;Технологии персонифицированного обучения&quot; (23-27 августа),23 Августа - 27 Августа,2021,Повышение квалификации,университетский,Волонтер
4,30 Международная конференция ГрафиКон-2020,22 Сентября - 25 Сентября,2020,Конференция,международный,Волонтер
4,Деятельность клуба  «ITMO impact» осень-зима 2022,22 Октября - 31 Декабря,2022,Собрание,университетский,Ответственный исполнитель
4,Выставка &quot;Город собак&quot;,22 Октября - 25 Октября,2021,Выставка,городской,Волонтер
4,Торжественное открытие фонтанов в Петергофе,22 Мая,2021,Торжества,городской,Волонтер
4,Когнитивные технологии в промышленности,22 Марта,2019,Встреча,городской,Волонтер
4,День Донора университета ИТМО ,22 Декабря - 24 Декабря,2021,Акция,университетский,Волонтер
4,Цифровые волонтеры. Техническая помощь преподавателям,21 Сентября - 24 Декабря,2020,Проект,университетский,Главный организатор
4,Благотворительный студенческий фестиваль «От Сердца к Сердцу» ,21 Сентября,2019,Фестиваль,городской,Волонтер
4,Ночь музеев в Республике кошек и котов,21 Мая - 22 Мая,2022,Акция,городской,Волонтер
4,Фестиваль животных из приютов &quot;Держи лапу!&quot;,21 Мая - 22 Мая,2022,Фестиваль,городской,Волонтер
4,День рождения Университета ИТМО (122 года),21 Марта - 26 Марта,2022,Праздник,университетский,Волонтер
4,День открытых дверей Университета ИТМО,21 Апреля,2019,День открытых дверей,университетский,Волонтер
4,Интенсив-курс по смартфону для серебряных волонтеров от клуба #ВСети,20 Января - 01 Февраля,2021,Курс,всероссийский,Волонтер
4,Мастер-классы для учащихся школ Санкт-Петербурга ,20 Февраля - 28 Мая,2020,Мастер-класс,городской,Волонтер
4,Профориентационное мероприятие для подростков &quot;Трудовое Лето&quot;,20 Сентября,2019,Выставка,городской,Волонтер
4,7-й &quot;Осенний марафон&quot; в Лемболово ,20 Октября,2019,Соревнование,всероссийский,Волонтер
4,Экзамен в рамках проекта &quot;Адаптер Университета ИТМО&quot;,20 Мая,2018,Игра,университетский,Участник
4,Экзамен Обучающей школы проекта «Адаптер Университета ИТМО»,20 Мая,2018,Экзамен,университетский,Участник
4,Межмузейная художественная выставка «Русская классическая скульптура»,20 Марта - 16 Мая,2021,Выставка,городской,Волонтер
4,Помощь в проведении трансляций котокафе «Республика кошек и котов»,20 Марта - 16 Апреля,2020,Акция,городской,Организатор
4,Курс &quot;Обучение пожилых смартфонам и социальным сетям #Всети&quot;,20 Апреля - 30 Апреля,2019,Курс,городской,Ответственный исполнитель
4,Проект «Цифровые волонтеры»,20 Апреля - 29 Апреля,2020,Семинар,всероссийский,Волонтер
4,День благоустройства города ,19 Октября,2019,Встреча,городской,Волонтер
4,Geek Teachers Бёздей,19 Июня,2021,Вечеринка,городской,Волонтер
4,Акция по сбору корма и средств первой необходимости  для приютов с животными «Книга за корм»,19 Декабря - 20 Декабря,2019,Акция,университетский,Волонтер
4,"
Выезд в Оздоровительный конный центр «Солнечный остров»",18 Февраля - 31 Июля,2021,Акция,городской,Волонтер
4,Зимняя школа «Тебе решать» – 2019,18 Февраля - 22 Февраля,2019,Школа,всероссийский,Волонтер
4,Встреча клуба ITMO impact по теме 14 февраля,18 Февраля,2023,Собрание,университетский,Ответственный исполнитель
4,День донора Университета ИТМО,18 Октября - 30 Октября,2018,Акция,университетский,Волонтер
4,Выпуск газеты «Мегабайт» №272,18 Ноября - 28 Ноября,2019,Издание,университетский,Участник
4,ITMO FAMILY DAY,18 Июня,2022,Фестиваль,городской,"Волонтер, Участник"
4,VI Международный симпозиум по приборам на графене,18 Июля - 21 Июля,2018,Симпозиум,международный,Волонтер
4,"Соревнования по танцам с собакам «Весенняя мозаика — 1,2»",18 Июля - 19 Июля,2020,Соревнование,городской,Ответственный исполнитель
4,Выпуск газеты «Мегабайт» №249,17 Сентября - 30 Сентября,2018,Издание,городской,Участник
4,Тотальный диктант в котокафе «Республика кошек»,17 Октября,2020,Акция,городской,Ответственный исполнитель
4,Благотворительная фотовыставка «Глаза улиц». ,17 Ноября,2019,Выставка,городской,Член оргкомитета
4,ITMO.OPEN: Educational Practices,17 Мая - 18 Мая,2022,Конференция,городской,Волонтер
4,Выставка животных &quot;Зоошоу&quot;,17 Декабря - 18 Декабря,2022,Выставка,городской,Волонтер
4,Международный субботник от Волонтеров Победы,17 Апреля - 24 Апреля,2021,Акция,всероссийский,Волонтер
4,Экологическая акция сбора вторсырья &quot;Save The Planet&quot;,17 Апреля,2019,Акция,университетский,Волонтер
4,Форт ИТМО XIII. Украсть башню,17 Апреля,2022,Квест,университетский,Волонтер
4,Выезды в приют для собак крупных пород и их метисов «Верность»,16 Февраля - 21 Июня,2020,Акция,городской,Волонтер
4,Программа развития надпредметных компетенций «StudentsUP.Club»,16 Сентября - 19 Сентября,2019,Курс,университетский,Волонтер
4,Выпуск газеты «Мегабайт» №279,16 Марта - 31 Марта,2020,Издание,университетский,Участник
4,Курс для наставников школьных добровольческих отрядов «Ты нужен людям! Tutors». Второй запуск,16 Марта - 25 Мая,2021,Курс,городской,Ответственный исполнитель
4,День Донора Университета ИТМО,16 Марта - 25 Марта,2021,Акция,университетский,Волонтер
4,Турнир двух столиц – соревнование по робототехнике для школьников,16 Декабря - 17 Декабря,2017,Турнир,всероссийский,Волонтер
4,Выставка «Оптомицелий» в пространстве AIR ,16 Декабря - 13 Февраля,2021,Выставка,общественный,Волонтер
4,День открытых дверей Университета ИТМО для будущих бакалавров,16 Декабря,2018,День открытых дверей,университетский,Волонтер
4,День донора Университета ИТМО,16 Апреля - 24 Апреля,2018,Акция,университетский,Волонтер
4,День Донора Университета ИТМО,15 Октября - 29 Октября,2020,Акция,университетский,Волонтер
4,День Донора университета ИТМО,15 Октября - 20 Октября,2021,Акция,университетский,Волонтер
4,Продовольственный марафон &quot;Корзина доброты&quot; в Санкт-Петербурге,15 Мая - 17 Мая,2021,Марафон,городской,Волонтер
4,IX Конгресс молодых ученых,15 Апреля - 18 Апреля,2020,Конгресс,всероссийский,Волонтер
4,Проект &quot;ITMO.STEP&quot;. Осень 2019,14 Октября - 18 Ноября,2019,Проект,городской,Волонтер
4,Хакатон ScienceMedia,14 Ноября - 16 Ноября,2019,Хакатон,всероссийский,Волонтер
4,Фестиваль «Мир кошек» ,14 Мая - 15 Мая,2022,Акция,всероссийский,Волонтер
4,Зоошоу. Выставка животных,14 Декабря - 15 Декабря,2019,Фестиваль,международный,Волонтер
4,Х Конгресс молодых ученых,14 Апреля - 17 Апреля,2021,Лекция,всероссийский,"Волонтер, Участник"
4,"Деловая игра «#ТыжАдаптер» в рамках проекта «Адаптер Университета
ИТМО»",14 Апреля,2018,Игра,университетский,Участник
4,Тотальный диктант - 2018,14 Апреля,2018,Мастер-класс,городской,Волонтер
4,Благотворительная акция «#ДариКормиЛюби»,13 Февраля - 14 Февраля,2021,Акция,городской,Волонтер
4,Проект &quot;Интернет бактерий&quot;,13 Октября - 23 Октября,2020,Проект,всероссийский,Волонтер
4,Выставка-пристройство кошек «Классный кот» из приюта Брошенный ангел,13 Октября,2019,Выставка,городской,Волонтер
4,Вечер красоты «Династия» для старшего поколения,13 Октября,2019,Вечер,городской,Волонтер
4,Курсы для начинающих по обучению пожилых людей смартфонам и социальным сетям #ВСети,13 Ноября - 22 Ноября,2019,Курс,городской,Волонтер
4,Мероприятие для сотрудников и их детей «ITMO Family Day mini» ,13 Мая,2022,Праздник,университетский,Волонтер
4,Хакатон &quot;Hack ML&quot;,13 Марта - 15 Марта,2020,Хакатон,всероссийский,Волонтер
4,Мобильный интерактивный фестиваль «Этюды по Гранину»,13 Декабря - 17 Декабря,2019,Фестиваль,всероссийский,Волонтер
4,Помощь в проведении городского фестиваля «Мир кошек»,12 Сентября - 13 Сентября,2020,Фестиваль,городской,Ответственный исполнитель
4,Помощь НКО &quot;Крышечки доброТы&quot;,12 Октября - 31 Января,2021,Акция,городской,Волонтер
4,Третий всероссийский форум Sciencemedia,12 Мая - 13 Мая,2018,Форум,всероссийский,Волонтер
4,Выставка животных «Зоошоу»,12 Декабря - 13 Декабря,2020,Фестиваль,городской,Волонтер
4,Шоу &quot;Мистер и Мисс ИТМО 2019&quot;,12 Апреля,2019,Конкурс,городской,Волонтер
4,Турнир  «AGILITY BALTIC CUP»,11 Октября,2020,Соревнование,городской,Волонтер
4,Образовательный форум «Тебе решать!» для участников олимпиады «Я-профессионал»,11 Мая - 15 Мая,2021,Форум,всероссийский,Волонтер
4,Выставка «Staying with trouble»,11 Марта - 04 Апреля,2021,Выставка,международный,Волонтер
4,Цифровой выпускной в Университете ИТМО «ИТМО.Live-2020»,11 Июля,2020,Торжества,университетский,Волонтер
4,Деятельность фан-клуба Genshin impact университета ИТМО зима-весна 2023,10 Февраля - 31 Мая,2023,Собрание,университетский,Ответственный исполнитель
4,Зимняя школа Университета ИТМО «Тебе решать!»,10 Февраля - 14 Февраля,2020,Школа,всероссийский,Волонтер
4,"Выпуск журнала NewTone №43, май-июнь 2021",10 Февраля - 14 Мая,2021,Лекция,городской,Участник
4,День открытых дверей мегафакультета трансляционных информационных технологий,10 Февраля,2019,День открытых дверей,университетский,Волонтер
4,Волонтерство в Русском музее,10 Октября - 31 Декабря,2021,Выставка,городской,Волонтер
4,Открытый урок по Instagram для «Серебряных волонтеров»,10 Октября,2020,Мастер-класс,городской,Волонтер
4,Выставка животных «Зоошоу»,10 Марта - 13 Марта,2022,Выставка,всероссийский,Волонтер
4,Заключительный тур Олимпиады «Турнир имени М.В. Ломоносова»,10 Марта,2018,Турнир,всероссийский,Волонтер
4,Выставка животных &quot;Зоошоу&quot;,10 Декабря - 12 Декабря,2021,Выставка,всероссийский,Волонтер
4,Помощь на дне добровольца серебряных волонтеров Санкт-Петербурга,10 Декабря,2022,Встреча,городской,Волонтер
4,День Добровольца Серебряных волонтёров ,10 Декабря,2022,Торжества,городской,Ответственный исполнитель
4,Выпуск газеты «Мегабайт» №275,09 Января - 28 Января,2020,Издание,университетский,Участник
4,Выставка-пристройство кошек из приюта «Брошенный ангел» «бойКОТ серым будням» ,09 Ноября,2019,Выставка,городской,Волонтер
4,"Выпуск журнала NewTone №39, май 2020",09 Марта - 06 Мая,2020,Издание,городской,Участник
4,Выставка «Заземление» в рамках фестиваля Ars Electronica,08 Сентября - 31 Октября,2021,Выставка,университетский,Волонтер
4,Фестиваль студенческих клубов «CLUB.FEST» ,08 Сентября - 09 Сентября,2022,Фестиваль,университетский,Волонтер
4,Life talks - конференция о благотворительности ,08 Ноября - 09 Ноября,2019,Конференция,всероссийский,Волонтер
4,Международный спортивный турнир по Бразильскому Джиу-Джитсу St.Petersburg Gymnasium Cup XIV,07 Февраля - 08 Февраля,2020,Соревнование,международный,Волонтер
4,Фестиваль-выставка животных «МиМиFest»,07 Сентября - 08 Сентября,2019,Фестиваль,городской,Волонтер
4,Помощь в выдаче студенческих в студофисе,07 Сентября - 02 Октября,2020,Встреча,университетский,Волонтер
4,"Выезды в организации, специализирующиеся на работе с бездомными кошками",07 Октября - 29 Января,2022,Акция,городской,Волонтер
4,Баркемп «Национальная технологическая революция 20.35»,07 Ноября - 08 Ноября,2018,Конференция,всероссийский,Волонтер
4,Полумарафон &quot;Гдовская весна&quot; 2022,07 Мая,2022,Марафон,всероссийский,Волонтер
4,Фестиваль приютов «Ветер перемен» в рамках выставки Зоошоу,07 Марта - 08 Марта,2020,Фестиваль,всероссийский,Волонтер
4,Праздник выпускника «ITMO.Live-2018»,07 Июля,2018,Праздник,городской,Волонтер
4,Фестиваль «Вместе медиа. Северо-Запад»,07 Декабря - 09 Декабря,2018,Фестиваль,региональный,Волонтер
4,Финал открытой лиги КВН POINT,07 Декабря,2018,Конкурс,городской,Волонтер
4,Консультации по смартфону &quot;Смартфоны - пожилым&quot;,07 Апреля - 31 Мая,2021,Мастер-класс,городской,Волонтер
4,Международный фестиваль-конкурс «Планета Медиа»,07 Апреля - 09 Апреля,2021,Конкурс,международный,Участник
4,&quot;Смартфон-кафе&quot; на Марсовом поле (программа &quot;Старшие&quot;),06 Сентября - 27 Декабря,2022,Встреча,городской,Волонтер
4,Помощь на соревнованиях по танцам с собаками в спортивно-кинологическом клубе &quot;Аврора&quot;,06 Октября,2019,Соревнование,городской,Волонтер
4,Всероссийский форум студенческих спортивных клубов,06 Ноября - 11 Ноября,2018,Форум,всероссийский,Волонтер
4,Выставка животных «Зоошоу»,06 Марта - 08 Марта,2021,Фестиваль,городской,Волонтер
4,Олимпиада «ИТМО ВКонтакте»,06 Апреля - 07 Апреля,2019,Олимпиада,городской,Волонтер
4,"Выезды в организации, специализирующиеся на работе с бездомными кошками (приют Убежище, котокафе Республика кошек).",05 Марта - 31 Мая,2020,Акция,городской,Организатор
4,"Обучающая школа проекта “Адаптер Университета ИТМО”, весна 2018",05 Марта - 13 Мая,2018,Школа,университетский,Участник
4,Акция по сбору корма и средств для приютов с животными «Книга за корм»,05 Марта - 06 Марта,2020,Акция,университетский,Волонтер
4,Фестиваль Petshop days,05 Июня - 06 Июня,2021,Фестиваль,прочее,Волонтер
4,Международный молодежный форум СМИ &quot;Медиа-старт&quot;,05 Апреля - 06 Апреля,2019,Форум,всероссийский,Участник
4,Обучение пожилых смартфонам «Смартфоны — пожилым» (весна),04 Марта - 31 Мая,2022,Мастер-класс,городской,Волонтер
4,"Всероссийский конкурс молодых журналистов, пишущих на социально значимые темы, «Вызов-XXI век»",04 Декабря,2020,Конкурс,всероссийский,Участник
4,Благотворительный фестиваль &quot;ПриютИдобро&quot;,04 Декабря,2021,Фестиваль,городской,Ответственный исполнитель
4,XI Конгресс молодых ученых 2022 года,04 Апреля - 08 Апреля,2022,Конгресс,университетский,"Волонтер, Спикер, Участник"
4,Обучение дрессировке и выгул собак в приютах,03 Сентября - 31 Января,2020,Акция,городской,Волонтер
4,Обучение пожилых смартфонам «Смартфоны — пожилым»,03 Сентября - 24 Декабря,2021,Мастер-класс,городской,Волонтер
4,Выставка животных &quot;Зоошоу&quot; ,03 Сентября - 04 Сентября,2022,Выставка,городской,Волонтер
4,Хакатон ITMO DigiEduHack,03 Октября - 04 Октября,2019,Хакатон,международный,Волонтер
4,Art&amp;Science Marathon,03 Октября,2020,Мастер-класс,городской,Волонтер
4,Выпускной Университета ИТМО «ИТМО.Live-2021»,03 Июля,2021,Торжества,городской,Волонтер
4,Конкурс красоты Краса России Санкт-Петербург 2020,03 Декабря,2020,Конкурс,всероссийский,Волонтер
4,Конгресс молодых учёных Хll (КМУ) ,03 Апреля - 06 Апреля,2023,Конгресс,всероссийский,"Спикер, Участник"
4,Цифровые волонтеры. Техническая помощь преподавателям,02 Февраля - 20 Июня,2021,Проект,университетский,Волонтер
4,51 (LI) Научная и учебно-методическая конференция Университета ИТМО,02 Февраля - 04 Февраля,2022,Конференция,всероссийский,"Спикер, Участник"
4,"Выпуск журнала NewTone №37, сентябрь-октябрь 2019",02 Сентября - 30 Октября,2019,Издание,городской,Участник
4,INTRODUCTION DAYS,02 Сентября - 03 Сентября,2019,Фестиваль,университетский,Волонтер
4,Участие клуба ITMO impact на Epicon 2023,02 Июня - 06 Июня,2023,Квест,городской,Организатор
4,ITMO.LiVE 2022 — Выпускной Университета ИТМО,02 Июля,2022,Встреча,университетский,Волонтер
4,"Выпуск журнала NewTone №38, декабрь 2019",02 Декабря - 30 Декабря,2019,Издание,городской,Участник
4,"Выпуск журнала NewTone №40, июль 2020",02 Апреля - 30 Июня,2020,Издание,городской,Участник
4,"Выпуск статей на сайте mbradio.ru, январь 2021",01 Января - 31 Января,2021,Издание,городской,Участник
4,"Выпуск статей на сайте mbradio.ru, январь 2022",01 Января - 31 Января,2022,Массовое онлайн мероприятие,городской,Участник
4,"Выпуск журнала NewTone №45, январь-февраль 2022",01 Января - 28 Февраля,2022,Массовое онлайн мероприятие,городской,Участник
4,"Выпуск журнала NewTone №34, январь-февраль 2019",01 Января - 05 Марта,2019,Издание,городской,Участник
4,"Выпуск журнала NewTone №42, январь-февраль 2021",01 Января - 01 Февраля,2021,Издание,городской,Участник
4,"Выезды в организации, специализирующиеся на работе с бездомными кошками",01 Февраля - 31 Августа,2021,Акция,городской,Волонтер
4,"Выпуск журнала NewTone №47, октябрь-ноябрь 2022",01 Февраля - 31 Августа,2022,Массовое онлайн мероприятие,прочее,Участник
4,"Выпуск журнала NewTone №46, июль-август 2022",01 Февраля - 31 Августа,2022,Массовое онлайн мероприятие,прочее,Участник
4,Создание инструкций для сайта ITMO.EXPERT,01 Февраля - 30 Июня,2022,Проект,университетский,Волонтер
4,"Выпуск статей на сайте mbradio.ru, февраль 2021",01 Февраля - 28 Февраля,2021,Издание,городской,Участник
4,"Выпуск статей на сайте mbradio.ru, февраль 2022",01 Февраля - 28 Февраля,2022,Массовое онлайн мероприятие,городской,Участник
4,Выпуск газеты «Мегабайт» №290,01 Февраля - 12 Февраля,2021,Лекция,университетский,Участник
4,50 Научная и учебно-методическая конференция Университета ИТМО,01 Февраля - 04 Февраля,2021,Конференция,всероссийский,Волонтер
4,"Выпуск журнала NewTone №31, июнь 2018",01 Февраля - 01 Июня,2018,Издание,городской,Участник
4,"Выпуск журнала NewTone №41, сентябрь-октябрь 2020",01 Сентября - 29 Октября,2020,Издание,городской,Участник
4,Межфакультетский Фестиваль студенческого творчества &quot;Я-Первокурсник!&quot; 2017,01 Сентября - 26 Ноября,2017,Гала-концерт,университетский,Участник
4,ITMO_ENTER: Offline,01 Сентября - 03 Сентября,2022,Встреча,университетский,Волонтер
4,"ITMO.GO – праздник первокурсника бакалавриата, магистратуры, аспирантуры и ФСПО!",01 Сентября,2018,Праздник,городской,Волонтер
4,"Выезды в организации, специализирующиеся на работе с бездомными кошками",01 Октября - 31 Января,2020,Акция,городской,Ответственный исполнитель
4,"Выезды в организации, специализирующиеся на работе с бездомными кошками",01 Октября - 31 Января,2021,Акция,городской,Волонтер
4,Выпуск газеты «Мегабайт» №269,01 Октября - 10 Октября,2019,Издание,университетский,Участник
4,Вводная встреча клуба &quot;ITMO impact&quot;,01 Октября,2022,Встреча,университетский,Ответственный исполнитель
4,"Выпуск статей на сайте mbradio.ru, ноябрь 2022",01 Ноября - 30 Ноября,2022,Массовое онлайн мероприятие,городской,Участник
4,"Выпуск журнала NewTone №33, ноябрь-декабрь 2018",01 Ноября - 25 Декабря,2018,Издание,прочее,Участник
4,Международный фестиваль медиаискусства Киберфест-13,01 Ноября - 04 Декабря,2021,Выставка,международный,Волонтер
4,Открытый Чемпионат Университета ИТМО по настольному теннису (Первый круг),01 Ноября,2020,Соревнование,городской,Волонтер
4,"Выпуск статей на сайте mbradio.ru, май 2021",01 Мая - 31 Мая,2021,Издание,городской,Участник
4,"Выпуск статей на сайте mbradio.ru, май 2022",01 Мая - 31 Мая,2022,Массовое онлайн мероприятие,городской,Участник
4,Международная акция «Онлайн-шествие Бессмертного полка»,01 Мая - 09 Мая,2020,Шествие,международный,Волонтер
4,"Городской фестиваль «Мир кошек»
",01 Мая - 02 Мая,2021,Фестиваль,городской,Волонтер
4,"Выпуск статей на сайте mbradio.ru, март 2019",01 Марта - 31 Марта,2019,Издание,городской,Участник
4,"Выпуск статей на сайте mbradio.ru, март 2022",01 Марта - 31 Марта,2022,Массовое онлайн мероприятие,городской,Участник
4,"Выпуск статей на сайте mbradio.ru, март 2021",01 Марта - 31 Марта,2021,Издание,городской,Участник
4,Акция по сбору корма  и средств для приютов с животными «Сытые хвостики»,01 Марта - 07 Марта,2021,Акция,городской,Волонтер
4,"Выпуск статей на сайте mbradio.ru, июнь 2021",01 Июня - 30 Июня,2021,Издание,городской,Участник
4,"Выпуск статей на сайте mbradio.ru, июнь 2022",01 Июня - 30 Июня,2022,Массовое онлайн мероприятие,городской,Участник
4,"Выпуск статей на сайте mbradio.ru, июль 2019",01 Июля - 31 Июля,2019,Издание,городской,Участник
4,"Выпуск статей на сайте mbradio.ru, июль 2022",01 Июля - 31 Июля,2022,Массовое онлайн мероприятие,городской,Участник
4,"Выпуск статей на сайте mbradio.ru, июль 2021",01 Июля - 31 Июля,2021,Издание,городской,Участник
4,"Выпуск журнала NewTone №36, июль-август 2019",01 Июля - 30 Августа,2019,Издание,городской,Участник
4,"Выпуск статей на сайте mbradio.ru, декабрь 2020",01 Декабря - 31 Декабря,2020,Издание,городской,Участник
4,"Выпуск статей на сайте mbradio.ru, декабрь 2021",01 Декабря - 31 Декабря,2021,Массовое онлайн мероприятие,городской,Участник
4,Онлайн-курс «Турбо-вечеринка»,01 Декабря - 22 Декабря,2020,Курс,всероссийский,Ответственный исполнитель
4,XIII Международная научно-практическая конференция «Программная инженерия и компьютерная техника» (Майоровские чтения),01 Декабря - 03 Декабря,2021,Конференция,международный,Волонтер
4,"Выезды в организации, специализирующиеся на работе с бездомными кошками",01 Апреля - 31 Августа,2022,Акция,городской,Волонтер
4,"Выпуск журнала NewTone №35, май 2019",01 Апреля - 30 Мая,2019,Издание,городской,Участник
4,"Выпуск статей на сайте mbradio.ru, апрель 2021",01 Апреля - 30 Апреля,2021,Издание,городской,Участник
4,"Выпуск статей на сайте mbradio.ru, апрель 2022",01 Апреля - 30 Апреля,2022,Массовое онлайн мероприятие,городской,Участник
5,Посвящение в студенты «ITMO.GO!»,31 Августа,2022,Праздник,университетский,Участник
5,Мастер-класс по танго среди студентов Университета ИТМО,30 Октября,2021,Соревнование,университетский,Участник
5,Финал 1 раунда битвы мегафакультетов &quot;ITMO.Megabattle&quot;,30 Ноября,2018,Гала-концерт,университетский,Участник
5,Гала-концерт межфакультетского фестиваля студенческого творчества &quot;Я-первокурсник&quot;,30 Ноября,2018,Гала-концерт,университетский,Участник
5,Финал 1 раунда битвы мегафакультетов &quot;ITMO.Megabattle&quot;,30 Ноября,2018,Гала-концерт,университетский,Участник
5,Выездной лагерь МФФ в рамках &quot;ITMO.Megabattle&quot;,29 Сентября - 30 Сентября,2018,Лагерь,факультетский,Участник
5,Отборочный этап конкурса &quot;Мистер и Мисс ИТМО&quot; 2019,28 Января - 07 Февраля,2019,Кастинг,университетский,Участник
5,ФОРТ ИТМО Малибу,28 Апреля,2019,Соревнование,университетский,Участник
5,День открытых дверей Университета ИТМО для будущих бакалавров,27 Января,2019,День открытых дверей,университетский,Волонтер
5,Информационная встреча о семестровом обмене,27 Января,2022,Конкурс,университетский,Участник
5,Квиз в рамках 2 раунда &quot;ITMO.Megabattle&quot;,27 Апреля,2019,Игра,университетский,Участник
5,Отвальная в Ягодном,27 Августа - 28 Августа,2022,Праздник,университетский,Участник
5,ITMO.Megabattle Раунд 2 (2022),26 Февраля - 31 Мая,2022,Фестиваль,университетский,Участник
5,Выезд 2 курса ФПИиКТ в УСОЦ Ягодное,26 Июня - 27 Июня,2021,Встреча,факультетский,Участник
5,Гала-концерт фестиваля студенческого творчества &quot;Весна в ИТМО&quot; 2018,25 Мая,2018,Концерт,университетский,Участник
5,Конкурс на участие в программе семестрового обмена в рамках международной академической мобильности на весенний семестр 2022 года,25 Августа - 15 Сентября,2021,Конкурс,университетский,Участник
5,Посвящение в студенты первокурсников факультета ПИиКТ,24 Сентября,2022,Квест,факультетский,Ответственный исполнитель
5,Финал 2 раунда &quot;ITMO.Megabattle&quot;,24 Мая,2019,Концерт,университетский,Участник
5,Алые Паруса 2022,24 Июня - 25 Июня,2022,Праздник,городской,Волонтер
5,Мастер-класс по румбе для студентов Университета ИТМО,22 Мая,2022,Соревнование,университетский,Участник
5,Межфакультетская игра КВН 2019,22 Апреля,2019,Конкурс,университетский,Участник
5,Школа Менеджера Kronbars,21 Марта - 15 Июня,2023,Школа,университетский,Участник
5,Мастер-класс по пасодоблю среди студентов Университета ИТМО,20 Декабря,2022,Мастер-класс,университетский,"Дизайнер, Участник"
5,III Региональный открытый турнир Университета ИТМО по настольному теннису &quot;Кубок ТТплэй&quot;,19 Ноября - 20 Ноября,2022,Соревнование,городской,"Волонтер, Участник"
5,ITMO OPEN EDUCATION 2023,19 Мая,2023,Форум,общественный,Участник
5,Сердца за любовь,18 Февраля - 19 Февраля,2023,Праздник,университетский,Участник
5,ITMO FAMILY DAY,18 Июня,2022,Фестиваль,городской,"Участник, Участник"
5,День Донора ИТМО апрель 2023,18 Апреля,2023,Акция,университетский,"Дизайнер, Участник"
5,Лига Шашек Университета ИТМО (Второй тур),17 Декабря,2018,Соревнование,университетский,Участник
5,Школа &quot;Адаптер университета ИТМО&quot;,16 Февраля - 01 Июня,2018,Проект,университетский,Участник
5,Неделя карьеры ИТМО,16 Мая - 20 Мая,2022,День карьеры,университетский,Участник
5,Посвящение в студенты первокурсников факультета ФиОИ,15 Сентября - 16 Сентября,2018,Посвящение,факультетский,Участник
5,Проект &quot;ITMO.STEP&quot;. Осень 2018,15 Октября - 19 Ноября,2018,Проект,региональный,Волонтер
5,ITMOtion Night. Start of the game,14 Сентября - 15 Сентября,2018,Вечеринка,городской,Участник
5,Мастер-класс по медленному вальсу среди студентов Университета ИТМО,14 Мая,2023,Мастер-класс,университетский,"Дизайнер, Ответственный исполнитель, Участник"
5,VIII Международная конференция WUD@ITMO,12 Ноября,2022,Конференция,международный,Участник
5,Чемпионат Университета ИТМО по пауэрлифтингу,12 Декабря,2019,Соревнование,университетский,Участник
5,Спортивные сборы секции бальных танцев,12 Августа - 18 Августа,2023,Лагерь,университетский,Волонтер
5,DESIGNING WEB LANDING-PAGE FOR ENTREPRENEURSHIP (ONLINE EDITION),11 Января - 12 Января,2022,Школа,международный,Участник
5,Конкурс «От образования к профессии»,11 Ноября - 27 Ноября,2020,Конкурс,всероссийский,Участник
5,II Открытый кубок Университета ИТМО по бальным танцам,11 Декабря,2022,Соревнование,городской,Участник
5,II Открытый кубок Университета ИТМО по бальным танцам(Латиноамериканская программа),11 Декабря,2022,Соревнование,всероссийский,Участник
5,II Открытый кубок Университета ИТМО по бальным танцам(Европейская программа),11 Декабря,2022,Соревнование,всероссийский,Участник
5,Мистер и Мисс ИТМО 2019,10 Февраля - 12 Апреля,2019,Конкурс,городской,Участник
5,Выезд в УСОЦ &quot;Ягодное&quot; Факультета ПИиКТ,10 Июня - 11 Июня,2023,Выезд,факультетский,Участник
5,Закрытие спортивного сезона &quot;BARS PARTY&quot;,09 Июня,2022,Вечеринка,университетский,Участник
5,Фестиваль студенческих клубов «CLUB.FEST» ,08 Сентября - 09 Сентября,2022,Фестиваль,университетский,Участник
5,Закрытие спортивного сезона &quot;BARS PARTY&quot;,08 Июня - 09 Июня,2023,Вечеринка,университетский,Участник
5,Закрытие спортивного сезона 2018-2019,07 Июня,2019,Торжества,университетский,Участник
5,Выпускной в Университете ИТМО «ИТМО.Live-2019»,06 Июля,2019,Торжества,городской,Волонтер
5,Открытый кубок Университета ИТМО по бальным танцам,06 Декабря,2021,Соревнование,городской,Участник
5,ITMO Open Science,06 Апреля,2023,Фестиваль,университетский,Участник
5,Студенческая лига Санкт-Петербурга по настольному теннису (3 сезон),05 Марта - 23 Апреля,2023,Соревнование,городской,"Волонтер, Участник"
5,Спортивные сборы секции бальных танцев,05 Августа - 11 Августа,2022,Лагерь,университетский,"Волонтер, Участник"
5,ITMOTION Night Enter Day,03 Сентября - 04 Сентября,2022,Вечеринка,городской,Участник
5,XII Конгресс молодых ученых,03 Апреля - 06 Апреля,2023,Конгресс,всероссийский,Спикер
5,Межфакультетская игра КВН Университета ИТМО (при открытой лиге КВН POINT),02 Ноября,2018,Конкурс,университетский,Участник
5,Межфакультетская игра КВН Университета ИТМО,02 Ноября,2018,Игра,университетский,Участник
5,ITMO.LiVE 2022 — Выпускной Университета ИТМО,02 Июля,2022,Встреча,университетский,Участник
5,Проект «Buddy system»,01 Сентября - 31 Января,2021,Проект,университетский,Участник
5,Проект «Buddy system»,01 Сентября - 31 Января,2022,Проект,университетский,Участник
5,ITMO_ENTER: Offline,01 Сентября - 03 Сентября,2022,Встреча,университетский,Волонтер
5,Посвящение первокурсников в студенты Университета ИТМО,01 Сентября,2018,Праздник,городской,Участник
5,Выезд ПИиКТ в УСОЦ &quot;Ягодное&quot;,01 Октября - 02 Октября,2022,Слет,факультетский,Участник
5,Международный фестиваль медиаискусства Киберфест-13,01 Ноября - 04 Декабря,2021,Выставка,международный,Волонтер
5,ITMOTION Night Alumni Day,01 Июля - 02 Июля,2022,Вечеринка,городской,Участник
5,Экстрим осень 2018. Открытие зимы в ИТМО,01 Декабря - 02 Декабря,2018,Турнир,университетский,Участник
11,Кубок Университета ИТМО по флорболу,26 Марта,2022,Соревнование,университетский,Участник
11,Чемпионат Университета ИТМО по легкой атлетике (Kronbars Games),26 Апреля,2022,Соревнование,университетский,Участник
11,Чемпионат Университета ИТМО по киберспорту. Minecraft.Весна (Kronbars Games),25 Апреля,2021,Соревнование,университетский,Участник
11,Открытый Кубок Университета ИТМО по спортивному туризму в дисциплине «Северная ходьба»,23 Апреля,2023,Соревнование,городской,Волонтер
11,Чемпионат Университета ИТМО по дартс (Kronbars Games),21 Марта,2021,Соревнование,университетский,Участник
11,Лига Университета ИТМО по шахматам (2 круг),20 Февраля - 21 Марта,2021,Соревнование,университетский,Участник
11,Kronbars. Online 2.0 (Шахматы),20 Сентября - 20 Декабря,2020,Соревнование,университетский,Участник
11,Городские соревнования по спортивному туризму (дистанция - горная - связка),18 Декабря - 19 Декабря,2021,Соревнование,городской,Участник
11,Региональные соревнования по спортивному туризму «Залинг ИТМО»(дистанция - горная - связка),18 Декабря,2022,Соревнование,городской,Участник
11,Чемпионат Университета ИТМО по плаванию (Kronbars Games),17 Марта,2021,Соревнование,университетский,Участник
11,Чемпионат Университета ИТМО по шахматам (онлайн),14 Ноября - 25 Декабря,2021,Взаимодействие с аудиторией,университетский,Участник
11,Лига Университета ИТМО по шахматам,14 Ноября - 09 Декабря,2020,Соревнование,университетский,Участник
11,Лига Университета ИТМО по шахматам (Kronbars Games),13 Ноября - 16 Ноября,2021,Соревнование,университетский,Участник
11,Лига Университета ИТМО по шахматам (2 круг) (Kronbars Games),12 Февраля - 13 Марта,2022,Соревнование,университетский,Участник
11,Чемпионат Университета ИТМО по пулевой стрельбе (Kronbars Games),11 Апреля - 13 Апреля,2022,Соревнование,университетский,Участник
11,Лига Университета ИТМО по шахматам (финал),07 Мая - 16 Мая,2021,Соревнование,университетский,Участник
11,ITMO RUN ,03 Октября,2021,Соревнование,университетский,Участник
11,Участие клуба ITMO impact на Epicon 2023,02 Июня - 06 Июня,2023,Квест,городской,Волонтер
11,Чемпионат Университета ИТМО по дартс (Kronbars Games),02 Апреля,2022,Соревнование,университетский,Участник
11,Kronbars. Online 2.0 (Киберспорт),01 Сентября - 20 Декабря,2020,Соревнование,университетский,Участник
6,Мастер-класс клуба DesArm «Искусство дизайна интерьеров»,31 Марта,2021,Мастер-класс,университетский,Ответственный исполнитель
6,Деятельность проекта &quot;Адаптер&quot;. Осень 2018,31 Августа - 31 Января,2018,Проект,университетский,Волонтер
6,Introduction Days,31 Августа - 03 Сентября,2020,День открытых дверей,университетский,Волонтер
6,Посвящение в студенты «ITMO.GO!»,31 Августа,2019,Праздник,университетский,Волонтер
6,Посвящение в студенты «ITMO.GO!»,31 Августа,2022,Праздник,университетский,Участник
6,Открытие клуба дизайна DesArm,30 Октября,2020,Встреча,университетский,Организатор
6,Финал 1 раунда битвы мегафакультетов &quot;ITMO.Megabattle&quot;,30 Ноября,2018,Гала-концерт,университетский,Ответственный исполнитель
6,Выездной лагерь МФФ в рамках &quot;ITMO.Megabattle&quot;,29 Сентября - 30 Сентября,2018,Лагерь,факультетский,Участник
6,Финал первого раунда битвы мегафакультетов «ITMO.Megabattle»,29 Ноября,2019,Концерт,университетский,Организатор
6,День открытых дверей Университета ИТМО для поступающих в бакалавриат,28 Января,2018,День открытых дверей,университетский,Волонтер
6,Олимпиада ОММО 2021,28 Февраля,2021,Олимпиада,всероссийский,Волонтер
6,"Митап студенческих клубов &quot;Hey, clubs!&quot;",28 Октября,2022,Митап,университетский,Волонтер
6,Выезд студенческого актива 2022,28 Мая - 29 Мая,2022,Лагерь,университетский,Ответственный исполнитель
6,VK Fest-2018,28 Июля - 29 Июля,2018,Фестиваль,городской,Волонтер
6,Форт ИТМО,28 Апреля,2019,Конкурс,городской,Участник
6,Воркшоп по работе в Photoshop &quot;Высокий стиль&quot;,27 Октября,2021,Воркшоп,университетский,Организатор
6,Мастер-класс клуба DesArm &quot;Основы Figma: создай свою первую социальную сеть первый интерфейс своей социальной сети&quot;,27 Ноября,2021,Мастер-класс,университетский,Ответственный исполнитель
6,Отвальная в Ягодном,27 Августа - 28 Августа,2022,Праздник,университетский,Участник
6,ITMO.Megabattle Раунд 2 (2022),26 Февраля - 31 Мая,2022,Фестиваль,университетский,"Волонтер, Участник"
6,Мастер-класс клуба DesArm «Как стать моушн-дизайнером?»,26 Марта,2021,Мастер-класс,университетский,Ответственный исполнитель
6,III Форум научных коммуникаторов,26 Июня - 28 Июня,2019,Форум,всероссийский,Волонтер
6,Неделя цифровой гуманитаристики в Петербурге SPB DHweek 2021,25 Января - 29 Января,2021,Молодежная неделя,городской,Участник
6,Квест-игра &quot;Fotonics Horror Story&quot;,25 Сентября,2019,Квест,факультетский,Ответственный исполнитель
6,Посвящение ФИТиП 2022,25 Сентября,2022,Квест,факультетский,Участник
6,Квест-детектив &quot;Uтечка&quot; для первокурсников,25 Сентября,2021,Квест,университетский,Участник
6,Финал 2 раунда &quot;ITMO.Megabattle&quot;,24 Мая,2019,Концерт,университетский,Организатор
6,Мастер-класс по созданию масок в Instagram с 3D персонажем в дополненной реальности,23 Ноября,2020,Мастер-класс,университетский,Ответственный исполнитель
6,Мастер-классы по различным направлениям от DesArm v2,23 Марта - 01 Июля,2021,Мастер-класс,университетский,"Ответственный исполнитель, Участник"
6,"Мастер-класс клуба DesArm &quot;Нескучный дизайн для соцсетей: как делать визуал, который цепляет&quot;",23 Апреля,2021,Мастер-класс,университетский,Ответственный исполнитель
6,День открытых дверей МФ Фотоника,22 Октября,2017,День открытых дверей,университетский,Волонтер
6,Мастермайнд с психологом Еленой Косенковой от клуба DesArm,22 Октября,2022,Воркшоп,университетский,Ответственный исполнитель
6,PhysChem Halloween 2021,22 Октября,2021,Квест,университетский,Участник
6,PPTX Night от клуба DesArm 2022,22 Декабря,2022,Вечеринка,университетский,"Организатор, Участник"
6,Межфакультетская игра КВН 2019,22 Апреля,2019,Конкурс,университетский,Участник
6,Мастер-класс &quot;Почему сложно быть дизайнером? Трудности и их преодоление&quot; от Дарины Сабуровой и клуба DesArm,22 Апреля,2022,Мастер-класс,университетский,Организатор
6,Мастер-класс по концептуальному и креативному мышлению от клуба DesArm,21 Мая,2022,Мастер-класс,университетский,Организатор
6,День открытых дверей Университета ИТМО,21 Апреля,2019,День открытых дверей,университетский,Волонтер
6,Мастер-класс клуба DesArm «Сто слоёв бренда»,20 Ноября,2021,Мастер-класс,университетский,Ответственный исполнитель
6,Экзамен Обучающей школы проекта «Адаптер Университета ИТМО»,20 Мая,2018,Экзамен,университетский,Участник
6,Квест-игра &quot;Photonics Horror Story&quot;,19 Сентября,2020,Квест,факультетский,Ответственный исполнитель
6,Выездной лагерь МФ Фотоники в рамках &quot;ITMO.Megabattle&quot;,19 Октября - 20 Октября,2019,Лагерь,факультетский,Организатор
6,Мастер-класс клуба DesArm «Дизайн мобильных интерфейсов без пальм и мишуры»,19 Апреля,2021,Мастер-класс,университетский,Ответственный исполнитель
6,День донора Университета ИТМО,18 Октября - 30 Октября,2018,Акция,университетский,"Волонтер, Волонтер"
6,Финал 1 раунда ITMO.Megabattle,18 Декабря,2020,Гала-концерт,университетский,Волонтер
6,Hult Prize On Campus at ITMO University,17 Сентября - 03 Декабря,2020,Чемпионат,городской,Участник
6,Спортивные сборы секции чирлидинга &quot;Сheer-Слет&quot;,17 Июня - 19 Июня,2022,Слет,университетский,Участник
6,Выезд мегафакультета трансляционных информационных технологий в УСОЦ «Ягодное» в рамках проекта ITMO.Megabattle,16 Октября - 17 Октября,2021,Лагерь,университетский,Участник
6,Посвящение в студенты первокурсников факультета СУиР &quot;СУиРНОВАНИЯ&quot;,16 Октября,2021,Квест,университетский,Волонтер
6,Мастер-класс клуба DesArm «Основы UX при создании digital-продукта»,16 Апреля,2021,Мастер-класс,университетский,Ответственный исполнитель
6,Проект &quot;ITMO.STEP&quot;. Осень 2018,15 Октября - 19 Ноября,2018,Проект,региональный,Ответственный исполнитель
6,Курс дизайна Александры Заворовской,15 Марта - 19 Мая,2022,Курс,университетский,Организатор
6,Проект &quot;ITMO.STEP&quot;. Осень 2019,14 Октября - 18 Ноября,2019,Проект,городской,Ответственный исполнитель
6,Экскурсия в коммуникационное агентство SETTERS с клубом DesArm,14 Октября,2022,Экскурсия,университетский,Ответственный исполнитель
6,Презентация журнала «10 лет с NewTone»,14 Мая,2021,Торжества,городской,Волонтер
6,Выезд клуба фанатов Валерия Меладзе ITMeladze в УСОЦ Ягодное,13 Февраля - 14 Февраля,2021,Вечеринка,университетский,Ответственный исполнитель
6,Летник ИТМО.Панчлайна,13 Августа - 19 Августа,2022,Лагерь,университетский,Участник
6,VIII МЕЖДУНАРОДНАЯ КОНФЕРЕНЦИЯ WUD@ITMO,12 Ноября,2022,Конференция,городской,Ответственный исполнитель
6,ITMO.Megabattle Раунд 1 (2021),11 Сентября - 12 Декабря,2021,Фестиваль,университетский,Участник
6,Образовательный форум «Тебе решать!» для участников олимпиады «Я-профессионал»,11 Мая - 15 Мая,2021,Форум,всероссийский,Участник
6,Проект &quot;ITMO.STEP&quot;. Весна 2019,11 Марта - 15 Апреля,2019,Проект,региональный,Ответственный исполнитель
6,Выставка «Staying with trouble»,11 Марта - 04 Апреля,2021,Выставка,международный,Волонтер
6,Мастер-класс клуба DesArm «Основы полиграфии или как подготовить макет к к печати»,11 Декабря,2020,Мастер-класс,городской,Главный организатор
6,Выезд Мегафакультета Фотоника в УСОЦ &quot;Ягодное&quot;,10 Октября - 11 Октября,2020,Лагерь,университетский,Ответственный исполнитель
6,Интенсивы по различным направлениям от DesArm,10 Ноября - 31 Декабря,2020,Вебинар,городской,Организатор
6,Интенсив по типографике клуба DesArm ,10 Декабря - 12 Декабря,2020,Вебинар,городской,Главный организатор
6,Выезд мегафакультета биотехнологий и низкотемпературных систем и мегафакультета наук о жизни в УСОЦ «Ягодное» в рамках проекта ITMO.Megabattle,09 Октября - 10 Октября,2021,Лагерь,университетский,Участник
6,PowerPoint Night клуба DesArm,09 Декабря,2021,Вечеринка,университетский,Организатор
6,Международный конкурс инновационных проектов &quot;Потенциал Будущего&quot;,09 Апреля - 12 Апреля,2019,Конкурс,международный,Участник
6,Мастер-класс клуба DesArm «Фирменный стиль и создание мерча»,08 Октября,2021,Мастер-класс,университетский,"Ответственный исполнитель, Участник"
6,ITMO.Megabattle Minecraft Event 4.0,07 Марта - 23 Марта,2023,Игра,университетский,Ответственный исполнитель
6,Праздник выпускника «ITMO.Live-2018»,07 Июля,2018,Праздник,городской,Волонтер
6,ITMO.Megabattle Minecraft Event 3.0,06 Марта - 17 Марта,2022,Игра,университетский,Ответственный исполнитель
6,Интенсив по UI/UX «Как делать интерфейсы для людей?»,06 Марта,2021,Лекция,университетский,Ответственный исполнитель
6,Выпускной в Университете ИТМО «ИТМО.Live-2019»,06 Июля,2019,Торжества,городской,Волонтер
6,Конкурс на Повышенную государственную академическую стипендию Весенний семестр 2019,05 Февраля - 25 Февраля,2019,Конкурс,университетский,Участник
6,"Обучающая школа проекта “Адаптер Университета ИТМО”, весна 2018",05 Марта - 13 Мая,2018,Школа,университетский,Участник
6,Мастер-класс клуба DesArm «Фирменный стиль и создание мерча от А до Я» ,05 Декабря,2020,Мастер-класс,городской,Организатор
6,Выезд студенческого актива 2023,03 Июня - 04 Июня,2023,Лагерь,университетский,Ответственный исполнитель
6,Выпускной Университета ИТМО «ИТМО.Live-2021»,03 Июля,2021,Торжества,городской,Волонтер
6,Весенний выезд актива мегафакультета фотоники в УСОЦ &quot;Ягодное&quot;,03 Апреля - 04 Апреля,2021,Лагерь,университетский,Ответственный исполнитель
6,Мастер-классы по различным направлениям от DesArm,02 Ноября - 31 Декабря,2020,Мастер-класс,городской,Организатор
6,Всероссийский форум «Актуальные вопросы развития студенческого спорта»,02 Декабря - 05 Декабря,2020,Форум,всероссийский,Волонтер
6,Освещение культурно-творческих событий Университета ИТМО 2021 год,01 Января - 31 Декабря,2021,Проект,университетский,Участник
6,Освещение культурно-творческих событий Университета ИТМО 2022 год,01 Января - 31 Декабря,2022,Проект,университетский,Участник
6,Интенсивы по различным направлениям от DesArm v2,01 Марта - 01 Июня,2021,Воркшоп,университетский,"Ответственный исполнитель, Участник"
6,Конкурс инициатив для университета «ITMO.Future»,01 Июня - 20 Декабря,2020,Проект,университетский,Участник
6,ITMO.Megabattle TV-show,01 Июня - 07 Июня,2020,Концерт,университетский,Ответственный исполнитель
8,"XI научно-техническая конференция студентов, аспирантов, молодых ученых «НЕДЕЛЯ НАУКИ-2021»",31 Марта - 02 Апреля,2021,Конференция,международный,Участник
8,Деятельность проекта &quot;Адаптер&quot;. Осень 2018,31 Августа - 31 Января,2018,Проект,университетский,Волонтер
8,Introduction Days,31 Августа - 03 Сентября,2020,День открытых дверей,университетский,Организатор
8,Финал 1 раунда битвы мегафакультетов &quot;ITMO.Megabattle&quot;,30 Ноября,2018,Гала-концерт,университетский,Организатор
8,Выездной лагерь МФФ в рамках &quot;ITMO.Megabattle&quot;,29 Сентября - 30 Сентября,2018,Лагерь,факультетский,Организатор
8,Финал первого раунда битвы мегафакультетов «ITMO.Megabattle»,29 Ноября,2019,Концерт,университетский,Ответственный исполнитель
8,Школа вожатского мастерства СПО «Карамель» 2022,28 Февраля - 28 Мая,2022,Школа,университетский,Ответственный исполнитель
8,Гала-концерт межфакультетского фестиваля студенческого творчества &quot;Я-первокурсник&quot; 2017,27 Октября,2017,Гала-концерт,университетский,Участник
8,4-й этап Межмуниципальных Соревнований по скандинавской ходьбе «Марафон Долголетия-2018,27 Октября,2018,Соревнование,региональный,Волонтер
8,"Новогодний выезд клубов «Будущее»?, «Карамель»?, «Славяне»?",26 Декабря - 27 Декабря,2020,Слет,университетский,Ответственный исполнитель
8,Школа Вожатского Мастерства СПО &quot;Карамель&quot; 2021,25 Февраля - 28 Мая,2021,Школа,университетский,Организатор
8,Квест-игра &quot;Fotonics Horror Story&quot;,25 Сентября,2019,Квест,факультетский,Главный организатор
8,Гала-концерт межфакультетского Фестиваля студенческого творчества &quot;Весна в ИТМО&quot;,25 Мая,2018,Гала-концерт,университетский,Участник
8,Открытие соревнований по скандинавской ходьбе «Марафон Долголетия-2019»,25 Мая,2019,Соревнование,региональный,Волонтер
8,Летний выезд клуба СПО &quot;Карамель&quot;,25 Июня - 26 Июня,2023,Выезд,университетский,Ответственный исполнитель
8,Data-Driven Life Conference,24 Ноября,2022,Конференция,всероссийский,Организатор
8,Финал 2 раунда &quot;ITMO.Megabattle&quot;,24 Мая,2019,Концерт,университетский,Организатор
8,Праздник &quot;Туристёнок-Спорт с пеленок!&quot; 2018,23 Сентября,2018,Соревнование,городской,Волонтер
8,Заселение новых проживающих в 2021 на Б6,23 Августа - 31 Августа,2021,Встреча,университетский,Волонтер
8,Стипендиальная программа Владимира Потанина 2022,22 Ноября - 23 Февраля,2021,Конкурс,всероссийский,Участник
8,Закрытие городской акции &quot;Весенняя неделя добра&quot; в г. Санкт-Петербурге,22 Апреля,2018,Фестиваль,городской,Волонтер
8,Квест-игра &quot;Photonics Horror Story&quot;,19 Сентября,2020,Квест,факультетский,Ответственный исполнитель
8,Выездной лагерь МФ Фотоники в рамках &quot;ITMO.Megabattle&quot;,19 Октября - 20 Октября,2019,Лагерь,факультетский,Организатор
8,Фестиваль-путеводитель по миру IT и Digital «Цифровые джунгли»,18 Февраля,2018,Фестиваль,городской,Волонтер
8,День донора Университета ИТМО,18 Октября - 30 Октября,2018,Акция,университетский,Волонтер
8,VII Международная конференция молодых ученых &quot;АКТУАЛЬНЫЕ ПРОБЛЕМЫ СОВРЕМЕННОЙ ЭЛЕКТРОХИМИИ И ЭЛЕКТРОХИМИЧЕСКОГО МАТЕРИАЛОВЕДЕНИЯ,18 Ноября - 22 Декабря,2022,Конференция,международный,Участник
8,2-ая научно-практической конференция с международным участием &quot;СОВЕРШЕНСТВОВАНИЕ СИСТЕМЫ ОБРАЩЕНИЯ С ОТХОДАМИ ПРОИЗВОДСТВА И ПОТРЕБЛЕНИЯ&quot;,18 Марта - 19 Марта,2021,Конференция,международный,Участник
8,ITMO FAMILY DAY,18 Июня,2022,Фестиваль,городской,Волонтер
8,Весенняя неделя добра ИТМО,18 Апреля - 22 Апреля,2018,Акция,городской,Волонтер
8,"Презентация клубов «Будущее», «Карамель», «Славяне»",17 Февраля - 12 Марта,2020,Демонстрация,университетский,Волонтер
8,Деловая игра в рамках осеннего блока StudentsUP,17 Октября,2020,Деловая игра,университетский,Ответственный исполнитель
8,NATE Jubilee Conference: 25 Years of Navigating Through Challenges,17 Апреля - 19 Апреля,2019,Конференция,международный,Волонтер
8,SCAMT Workshop Week,16 Июля - 23 Июля,2023,Воркшоп,межвузовский,Ответственный исполнитель
8,"Презентация клубов «Будущее», «Карамель», «Славяне»",15 Февраля - 25 Февраля,2021,Презентация,университетский,Ответственный исполнитель
8,XXIV Международная научно-практическая конференция студентов и молодых ученых «Химия и химическая технология в XXI веке»,15 Мая - 19 Мая,2023,Конференция,международный,Участник
8,SCAMT Poster Conference 2021,14 Декабря,2021,Конференция,всероссийский,Участник
8, X КОНГРЕСС МОЛОДЫХ УЧЕНЫХ (ОНЛАЙН ФОРМАТ) 14.04.2021 - 17.04.2021,14 Апреля - 17 Апреля,2021,Конгресс,всероссийский,Участник
8,Кубок Университета ИТМО по волейболу  (Kronbars Games),12 Февраля - 20 Марта,2022,Соревнование,университетский,Участник
8,SCAMT Workshop Week,12 Марта - 19 Марта,2023,Воркшоп,межвузовский,Ответственный исполнитель
8,"XXIV Международная конференция студентов, аспирантов и молодых ученых &quot;Ломоносов&quot;",12 Апреля - 22 Апреля,2022,Конференция,международный,Участник
8,Посвящение первокурсников в общежитии №4,11 Октября,2019,Посвящение,университетский,Ответственный исполнитель
8,Выезд Мегафакультета Фотоника в УСОЦ &quot;Ягодное&quot;,10 Октября - 11 Октября,2020,Лагерь,университетский,Ответственный исполнитель
8,"Международная научная конференция студентов, аспирантов и молодых учёных «Ломоносов-2023»",10 Апреля - 21 Апреля,2023,Конференция,международный,Участник
8,2-й этап Межмуниципальных Соревнований по скандинавской ходьбе «Марафон Долголетия - 2018»,09 Сентября,2018,Соревнование,региональный,Волонтер
8,Школа вожатского мастерства СПО «Карамель» 2023,09 Марта - 26 Мая,2023,Школа,университетский,Ответственный исполнитель
8,Стипендиальная программа Владимира Потанина 2023,07 Февраля,2023,Конкурс,всероссийский,Участник
8,Открытая Лига Университета ИТМО по волейболу,07 Ноября - 20 Декабря,2020,Соревнование,университетский,Участник
8,Всероссийский форум студенческих спортивных клубов,06 Ноября - 11 Ноября,2018,Форум,всероссийский,Ответственный исполнитель
8,Конкурс на Повышенную государственную академическую стипендию Весенний семестр 2019,05 Февраля - 25 Февраля,2019,Конкурс,университетский,Участник
8,4-й этап Межмуниципальных Соревнований по скандинавской ходьбе &quot;Марафон Долголетия-2019&quot;,05 Октября,2019,Соревнование,региональный,Волонтер
8,SCAMT scholarship program 2021,04 Октября - 06 Января,2021,Конкурс,университетский,Участник
8, XI Конгресс молодых ученых,04 Апреля - 08 Апреля,2022,Конгресс,международный,Участник
8,Школа вожатского мастерства  «Карамель»,03 Февраля - 18 Февраля,2020,Школа,университетский,Член оргкомитета
8,Школа вожатского мастерства СПО &quot;Карамель&quot;,03 Марта - 22 Мая,2020,Онлайн-курс,университетский,Организатор
8,XII конгресс молодых ученых ИТМО,03 Апреля - 06 Апреля,2023,Конгресс,всероссийский,Участник
8,Весенний выезд актива мегафакультета фотоники в УСОЦ &quot;Ягодное&quot;,03 Апреля - 04 Апреля,2021,Лагерь,университетский,Ответственный исполнитель
8,INTRODUCTION DAYS,02 Сентября - 03 Сентября,2019,Фестиваль,университетский,Волонтер
8,Весенний выезд студенческих отрядов,02 Апреля - 03 Апреля,2022,Слет,университетский,Ответственный исполнитель
8,Зимняя научная школа SCAMT Workshop Week,01 Февраля - 06 Февраля,2021,Воркшоп,всероссийский,Участник
8,Деятельность студенческого совета общежития №4,01 Сентября - 06 Июля,2020,,университетский,Ответственный исполнитель
8,Путь в науку — 2021,01 Марта - 30 Июня,2021,Конкурс,прочее,Участник
8,Весенний сезон ITMO.STEP 2022,01 Апреля - 03 Мая,2022,Массовое онлайн мероприятие,городской,Ответственный исполнитель
9,Halloween FTMI,31 Октября,2020,Вечеринка,университетский,Организатор
9,Introduction Days,31 Августа - 03 Сентября,2020,День открытых дверей,университетский,Ответственный исполнитель
9,Посвящение в студенты «ITMO.GO!»,31 Августа,2022,Праздник,университетский,Участник
9,Видеоконкурс ФТМИ на тему &quot;ФТМИ: жизнь после&quot;,30 Сентября - 16 Октября,2020,Конкурс,факультетский,Участник
9,Halloween FTMI 2022,30 Октября,2022,Проект,университетский,Ответственный исполнитель
9,Финал Открытой лиги КВН Университета ИТМО &quot;POINT&quot;,30 Ноября,2019,Концерт,городской,Участник
9,ИТМО.ПАНЧЛАЙН,30 Апреля,2021,Концерт,университетский,Участник
9,ITMO_ENTER: offline,30 Августа - 03 Сентября,2021,Марафон,университетский,Волонтер
9,Фестиваль котиков,29 Ноября - 30 Ноября,2022,Лекция,городской,"Волонтер, Участник"
9,Финал первого раунда битвы мегафакультетов «ITMO.Megabattle»,29 Ноября,2019,Концерт,университетский,Участник
9,Финал школы клуба «Адаптер Университета ИТМО» 2021,29 Мая - 30 Мая,2021,Экзамен,университетский,Ответственный исполнитель
9,Конкурс &quot;Summer make&quot;,29 Июля - 12 Августа,2020,Конкурс,университетский,Главный организатор
9,Hult Prize 2021 Saint Petersburg Impact Summit,29 Апреля - 30 Апреля,2021,Конференция,международный,Волонтер
9,Экологическая акция сбора вторсырья ­­«Save The Planet»,28 Августа,2020,Акция,университетский,Ответственный исполнитель
9,Тренинг публичные выступления,27 Февраля - 15 Марта,2023,Тренинг,университетский,Организатор
9,Тренинг Игротехника.КМФ,27 Марта - 16 Апреля,2023,,прочее,Организатор
9,ITMO.Megabattle Раунд 2 (2022),26 Февраля - 31 Мая,2022,Фестиваль,университетский,"Ответственный исполнитель, Участник"
9,Тренинг &quot;Игротехника_знакомство&quot;,25 Февраля - 26 Марта,2022,Тренинг,университетский,Организатор
9,Курс «Сам себе визажист»,25 Февраля - 04 Мая,2020,Курс,университетский,Главный организатор
9,Тренинг по департаментам от клуба администраторов ITMO.ADMINS,25 Октября,2022,Тренинг,университетский,Ответственный исполнитель
9,Halloween FTMI 2021,24 Октября,2021,Проект,университетский,Ответственный исполнитель
9,Онлайн-интенсив &quot;Смешанное обучение: цифровые компетенции преподавателя&quot; (24-29 августа),24 Августа - 29 Августа,2020,Конференция,университетский,Волонтер
9,Выездная школа клуба &quot;Адаптер Университета ИТМО&quot; 2021,24 Августа - 27 Августа,2021,Лагерь,университетский,Ответственный исполнитель
9,Lab mooove: съезд отдельных научных групп ПИШ ИТМО и АГНИ ,23 Мая,2023,Воркшоп,межвузовский,Ответственный исполнитель
9,Курс &quot;Визажисточка 2.0&quot;,23 Апреля - 11 Июня,2021,Курс,университетский,Ответственный исполнитель
9,Августовский выезд клуба &quot;Адаптер Университета ИТМО&quot; 2022,23 Августа - 26 Августа,2022,Лагерь,университетский,Организатор
9,День Рождения Факультета Технологического Менеджмента и Инноваций 2023,21 Февраля,2023,Вечеринка,факультетский,Организатор
9,Майский выезд клуба «Адаптер Университета ИТМО» 2022,21 Мая - 22 Мая,2022,Лагерь,университетский,Организатор
9,Itmakeup.movie 2,20 Февраля - 01 Мая,2021,Встреча,университетский,Организатор
9,Тренинг Игротехника.знакомство,20 Марта - 09 Апреля,2023,,прочее,Организатор
9,Летний челлендж #thISsummer,20 Июля - 02 Августа,2020,Конкурс,университетский,Участник
9,Проект «Цифровые волонтеры»,20 Апреля - 29 Апреля,2020,Семинар,всероссийский,Волонтер
9,День Рождения Факультета Технологического Менеджмента и Инноваций,19 Февраля,2022,Вечеринка,факультетский,Ответственный исполнитель
9,Челлендж FALL IS,19 Октября - 02 Ноября,2020,Конкурс,университетский,Участник
9,Тренинг Критическое мышление,18 Марта - 01 Апреля,2023,,прочее,Организатор
9,Школа PI SCAMT. Альметьевск,18 Июня - 25 Июня,2023,Школа,всероссийский,Ответственный исполнитель
9,Финал 1 раунда ITMO.Megabattle,18 Декабря,2020,Гала-концерт,университетский,Ответственный исполнитель
9,Hult Prize On Campus at ITMO University,17 Сентября - 03 Декабря,2020,Чемпионат,городской,Участник
9,Тренинг «Теоретический блок» школы админов от клуба администраторов ITMO.ADMINS,17 Сентября,2022,Тренинг,университетский,Ответственный исполнитель
9,Буккроссинг «Суди по обложке»,17 Октября,2019,Акция,университетский,Ответственный исполнитель
9,Деловая игра в рамках осеннего блока StudentsUP,17 Октября,2020,Деловая игра,университетский,Ответственный исполнитель
9,Форт ИТМО XIII. Украсть башню,17 Апреля,2022,Квест,университетский,Волонтер
9,Тренинг «Теоретический блок» школы админов от клуба администраторов ITMO.ADMINS,16 Сентября,2022,Тренинг,университетский,Ответственный исполнитель
9,ITMakeup.Movies,16 Октября - 20 Декабря,2020,Вечер,университетский,Главный организатор
9,Конкурс фильмов &quot;neFTMIx&quot;,16 Октября - 17 Октября,2021,Конкурс,факультетский,Ответственный исполнитель
9,Тренинг &quot;Игротехника_лидерство&quot;,16 Марта - 24 Апреля,2022,Тренинг,университетский,Организатор
9,Благотворительный проект «Котоспортивный календарь»,16 Декабря - 17 Декабря,2020,Акция,городской,Ответственный исполнитель
9,ITMO.Megabattle MegaQuest ver. 2.0.0,16 Апреля,2023,Квест,университетский,Ответственный исполнитель
9,Тренинг «Теоретический блок» школы админов от клуба администраторов ITMO.ADMINS,15 Сентября,2022,Тренинг,университетский,Ответственный исполнитель
9,Конкурс фильмов by FTMI,15 Октября - 16 Октября,2022,Конкурс,факультетский,Организатор
9,PRO.ITMO,15 Октября - 09 Ноября,2021,Проект,университетский,Организатор
9,Весенний выезд клуба «Адаптер Университета ИТМО» 2021,15 Мая - 16 Мая,2021,Лагерь,университетский,Ответственный исполнитель
9,КМУ ИТМО 2020,15 Апреля - 18 Апреля,2020,Конгресс,всероссийский,Волонтер
9,IX Конгресс молодых ученых,15 Апреля - 18 Апреля,2020,Конгресс,всероссийский,Волонтер
9,IT Conf International Women’s Day,15 Апреля - 16 Апреля,2022,Конференция,университетский,Ответственный исполнитель
9,Школа клуба &quot;Адаптер Университета ИТМО&quot; 2022,14 Февраля - 31 Мая,2022,Школа,университетский,Организатор
9,Выездной лагерь ФТМИ в рамках &quot;ITMO.Megabattle&quot;,14 Сентября - 15 Сентября,2019,Лагерь,факультетский,Участник
9,Конкурс «Makeup_welcome»,14 Сентября - 05 Октября,2020,Мастер-класс,университетский,Главный организатор
9,Открытый турнир &quot;8 марта с настольным теннисом в ИТМО&quot;,14 Марта,2021,Соревнование,городской,"Ответственный исполнитель, Участник"
9,Чаепитие-знакомство,13 Февраля - 27 Февраля,2023,Тренинг,университетский,Организатор
9,Мистер и Мисс ИТМО 2023,13 Февраля - 16 Мая,2023,Конкурс,университетский,Ответственный исполнитель
9,Тренинг «Теоретический блок» школы админов от клуба администраторов ITMO.ADMINS,13 Сентября,2022,Тренинг,университетский,Ответственный исполнитель
9,Майский выезд клуба «Адаптер Университета ИТМО» 2023,13 Мая - 14 Мая,2023,Лагерь,университетский,Организатор
9,ITMO.Megabattle,13 Марта - 30 Мая,2020,Фестиваль,университетский,Участник
9,Тренинг Личная эффективность,13 Марта - 25 Марта,2023,,прочее,Организатор
9,MEGAQuiz ITMO.Megabattle,13 Марта,2020,Игра,университетский,Участник
9,Выезд Факультета ТМиИ в УСОЦ  «Ягодное» ,12 Сентября - 13 Сентября,2020,Встреча,факультетский,Организатор
9,Школа админов от клуба администраторов ITMO.ADMINS,12 Сентября - 01 Октября,2022,Тренинг,университетский,Ответственный исполнитель
9, Тренинг «Теоретический блок» школы админов от клуба администраторов ITMO.ADMINS,12 Сентября,2022,Тренинг,университетский,Ответственный исполнитель
9,Экзамен школы клуба «Адаптер Университета ИТМО» 2023,12 Июня - 26 Июня,2023,Экзамен,университетский,Организатор
9,Адаптер.FEST,11 Февраля,2023,Фестиваль,университетский,Организатор
9,Выезд факультета технологического менеджмента и инноваций в УСОЦ «Ягодное» в рамках проекта ITMO.Megabattle,11 Сентября - 12 Сентября,2021,Лагерь,университетский,Ответственный исполнитель
9,ITMO.Megabattle Раунд 1 (2021),11 Сентября - 12 Декабря,2021,Фестиваль,университетский,Ответственный исполнитель
9,Квест для первокурсников ИТМО «Первому перваку приготовиться» ,11 Октября - 18 Октября,2020,Квест,университетский,Ответственный исполнитель
9,Конкурс «Make it up»,11 Мая - 07 Июня,2020,Конкурс,межвузовский,Главный организатор
9,Цифровой выпускной в Университете ИТМО «ИТМО.Live-2020»,11 Июля,2020,Торжества,университетский,Волонтер
9,ITMakeup.Individuals,10 Сентября - 30 Ноября,2020,Курс,университетский,Ответственный исполнитель
9,Выезд ФТМиИ в УСОЦ «Ягодное» в рамках проекта ITMO.Megabattle,10 Сентября - 11 Сентября,2022,Лагерь,университетский,Организатор
9,Посвящение в студенты Факультета Технологического Менеджмента и Инноваций,10 Октября,2020,Посвящение,факультетский,Организатор
9,Финал школы клуба «Адаптер Университета ИТМО» 2022,10 Июня - 12 Июня,2022,Экзамен,университетский,Организатор
9,Тренинг &quot;Игротехника_командообразование&quot;,09 Марта - 24 Апреля,2022,Тренинг,университетский,Организатор
9,Выезд ФТМИ в УСОЦ Ягодное 2023,09 Июня - 10 Июня,2023,Выезд,факультетский,Организатор
9,Тренинг &quot;Публичные выступления&quot;,08 Февраля - 21 Марта,2022,Тренинг,университетский,Организатор
9,Имиджевая фотосессия Students Up,08 Февраля - 14 Февраля,2021,Кастинг,университетский,Волонтер
9,День рождения Факультета Технологического Менеджмента и Инноваций,08 Февраля - 11 Февраля,2021,Марафон,факультетский,Ответственный исполнитель
9,Тренинг Игротехника.Креативный тренинг,08 Апреля - 22 Апреля,2023,,прочее,Организатор
9,IT Conf 2.0: IT в меняющемся мире,08 Апреля,2023,Конференция,городской,Ответственный исполнитель
9,Шоу &quot;503&quot;,07 Февраля - 01 Апреля,2021,Лекция,университетский,Организатор
9,Открытие школы,06 Февраля - 13 Февраля,2023,,прочее,Организатор
9,Деятельность клуба &quot;Адаптер&quot;,06 Сентября - 31 Августа,2021,Совещание,университетский,Организатор
9,ИТМО.ПАНЧЛАЙН,06 Ноября,2020,Концерт,университетский,Участник
9,Тренинг коммуникация и конфликтология,06 Марта - 22 Марта,2023,,прочее,Организатор
9,Hult Prize On Campus: Demo Day,06 Декабря,2020,Demo Day,международный,Участник
9,Онлайн-марафон ITMO.levelUP,06 Апреля - 03 Мая,2020,Онлайн-курс,университетский,Участник
9,Курс «Сам себе визажист 2.0»,05 Октября - 11 Ноября,2020,Курс,университетский,Ответственный исполнитель
9,Тренинг mindfulness. Встреча 1,05 Октября,2022,Мастер-класс,университетский,Организатор
9,Тренинг &quot;Напарник&quot;,04 Февраля - 10 Марта,2022,Тренинг,университетский,Организатор
9,PRO.ITMO 2.0,04 Октября - 05 Ноября,2022,Школа,университетский,Организатор
9,Выезд Факультета Технологического Менеджмента и Инноваций в УСОЦ Ягодное,04 Июня - 05 Июня,2021,Встреча,факультетский,Ответственный исполнитель
9,Выезд в Ягодное ФТМИ 2022 - Веселая Ферма,04 Июня - 05 Июня,2022,Слет,университетский,Организатор
9,ITMOTION Night Enter Day,03 Сентября - 04 Сентября,2022,Вечеринка,городской,Волонтер
9,Школа клуба &quot;Адаптер Университета ИТМО&quot; 2021,03 Марта - 31 Мая,2021,Школа,университетский,Ответственный исполнитель
9,Теоретический блок,03 Апреля - 03 Мая,2023,,прочее,Организатор
9,AGNI Workshop Week 2023,02 Июля - 09 Июля,2023,Воркшоп,всероссийский,Организатор
9,ITMO.LiVE 2022 — Выпускной Университета ИТМО,02 Июля,2022,Встреча,университетский,Участник
9,Школа PE 2023. Альметьевск,02 Апреля - 09 Апреля,2023,Школа,всероссийский,Ответственный исполнитель
9,Натальные карты. Почему так много людей верят в псевдонауку? ,02 Апреля,2021,Встреча,университетский,Ответственный исполнитель
9,Школа клуба &quot;Адаптер Университета ИТМО&quot; 2023,01 Февраля - 31 Мая,2023,Школа,университетский,Организатор
9,Чаепитие-знакомство,01 Февраля - 25 Февраля,2022,Встреча,университетский,Организатор
9,Посвящение студентов Факультета Технологического менеджмента и Инноваций в студенты Факультета Технологического Менеджмента и Инноваций,01 Октября,2021,Посвящение,факультетский,Ответственный исполнитель
9,Посвящение в студенты ФТМИ 2022,01 Октября,2022,Квест,факультетский,Организатор
9,Межфакультетская игра Открытой лиги КВН &quot;POINT&quot;,01 Ноября,2019,Концерт,университетский,Участник
9,Тренинг &quot;Личная эффективность&quot;,01 Марта - 30 Апреля,2022,Тренинг,университетский,Организатор
9,ITMO.Megabattle Раунд 2 (2021),01 Марта - 04 Июня,2021,Фестиваль,университетский,"Ответственный исполнитель, Участник"
9,ITMO.Megabattle TV-show,01 Июня - 07 Июня,2020,Концерт,университетский,Участник
9,ITMOTION Night Alumni Day,01 Июля - 02 Июля,2022,Вечеринка,городской,Волонтер
9,Деловая игра “Построй компанию/Продай компанию”,01 Декабря,2019,Игра,городской,Организатор
9,Тренинг Игротехника.Новые игры,01 Апреля - 15 Апреля,2023,,прочее,Организатор
9,Деловая игра Школы &quot;Адаптера&quot;,01 Апреля - 08 Мая,2022,Деловая игра,университетский,Организатор
9,Теоретический блок Школы &quot;Адаптера&quot;,01 Апреля - 08 Мая,2022,Массовое онлайн мероприятие,университетский,Организатор
9,Проект «Buddy system»,01 Августа - 31 Января,2020,Проект,университетский,Ответственный исполнитель
7, Пятьдесят вторая (LII) научная и учебно-методическая конференция Университета ИТМО,31 Января - 03 Февраля,2023,Конференция,университетский,Участник
7,Деятельность проекта &quot;Адаптер&quot;. Осень 2018,31 Августа - 31 Января,2018,Проект,университетский,Волонтер
7,Introduction Days,31 Августа - 03 Сентября,2020,День открытых дверей,университетский,Волонтер
7,Конференции «Инфохимия: методы IT и математического моделирования в химии»,29 Января,2023,Конференция,университетский,Участник
7,Выездной лагерь МФФ в рамках &quot;ITMO.Megabattle&quot;,29 Сентября - 30 Сентября,2018,Лагерь,факультетский,Организатор
7,Финал первого раунда битвы мегафакультетов «ITMO.Megabattle»,29 Ноября,2019,Концерт,университетский,Ответственный исполнитель
7,Квест-игра &quot;Fotonics Horror Story&quot;,25 Сентября,2019,Квест,факультетский,Организатор
7,Хакатон УРАЛХИМ,25 Ноября - 26 Ноября,2022,Хакатон,всероссийский,Участник
7,Infochemistry Christmas Conference,22 Декабря,2022,Конференция,факультетский,Член программного комитета
7,Стипендиальный конкурс Благотворительного фонда В.Потанина,21 Октября - 28 Февраля,2022,Конкурс,всероссийский,Участник
7,Квест-игра &quot;Photonics Horror Story&quot;,19 Сентября,2020,Квест,факультетский,Ответственный исполнитель
7,Выездной лагерь МФ Фотоники в рамках &quot;ITMO.Megabattle&quot;,19 Октября - 20 Октября,2019,Лагерь,факультетский,Организатор
7,Профильная образовательная смена &quot;Инфохимия&quot; в ЗЦДЮТ &quot;Зеркальный&quot;,14 Января - 23 Января,2023,Лагерь,всероссийский,Лектор
7,X конгресс молодых ученых (КМУ),14 Апреля - 17 Апреля,2021,Конгресс,всероссийский,Участник
7,День открытых дверей Мегафакультета Наук о Жизни,13 Марта,2022,День открытых дверей,городской,Волонтер
7,Фан-Променад на матче «Зенит» - «ЦСКА»,12 Мая,2019,Презентация,городской,Организатор
7,Выезд Мегафакультета Фотоника в УСОЦ &quot;Ягодное&quot;,10 Октября - 11 Октября,2020,Лагерь,университетский,Ответственный исполнитель
7,50 Научная и учебно-методическая конференция Университета ИТМО,01 Февраля - 04 Февраля,2021,Конференция,всероссийский,Участник
7,II Конгресс молодых ученых,01 Декабря - 03 Декабря,2022,Конференция,международный,Спикер
3,Introduction Days,31 Августа - 03 Сентября,2020,День открытых дверей,университетский,Ответственный исполнитель
3,Посвящение в студенты «ITMO.GO!»,31 Августа,2019,Праздник,университетский,Волонтер
3,Посвящение в студенты «ITMO.GO!»,31 Августа,2022,Праздник,университетский,"Ответственный исполнитель, Участник"
3,ИТМО.ПАНЧЛАЙН ОТБОР,30 Октября,2021,Концерт,университетский,Организатор
3,Финал 1 раунда битвы мегафакультетов &quot;ITMO.Megabattle&quot;,30 Ноября,2018,Гала-концерт,университетский,Участник
3,ThIS holidays — Каникулы с ITMO.STUDENTS,30 Марта - 05 Апреля,2020,Проект,университетский,Менеджер проекта
3,ИТМО.ПАНЧЛАЙН,30 Апреля,2021,Концерт,университетский,Ответственный исполнитель
3,Quizter,29 Сентября - 02 Декабря,2021,Взаимодействие с аудиторией,городской,"Организатор, Участник"
3,Культурный квест,29 Сентября,2019,Квест,городской,Волонтер
3,Финал первого раунда битвы мегафакультетов «ITMO.Megabattle»,29 Ноября,2019,Концерт,университетский,Организатор
3,Велопрогулка с ректором 10.0,29 Мая,2019,Соревнование,университетский,Участник
3,Hult Prize 2021 Saint Petersburg Impact Summit,29 Апреля - 30 Апреля,2021,Конференция,международный,Волонтер
3,Финальный концерт &quot;Мистер и Мисс ИТМО 2022&quot;,29 Апреля - 30 Апреля,2022,Концерт,городской,Организатор
3,Отборочный этап конкурса &quot;Мистер и Мисс ИТМО&quot; 2019,28 Января - 07 Февраля,2019,Кастинг,университетский,Участник
3,Посвящение в студенты факультета ИКТ,28 Сентября,2019,Посвящение,факультетский,Волонтер
3,Форт ИТМО,28 Апреля,2019,Конкурс,городской,Волонтер
3,Мистер и Мисс ИТМО 2022,27 Января - 30 Апреля,2022,Конкурс,университетский,"Организатор, Участник"
3,Отборочный этап конкурса &quot;Мистер и Мисс ИТМО&quot; 2022,27 Января - 06 Февраля,2022,Кастинг,университетский,"Организатор, Участник"
3,Финал 2 раунда ITMO.Megabattle 2022,27 Мая,2022,Гала-концерт,университетский,Ответственный исполнитель
3,Выезд МЕГАфакультета БТиНС в УСОЦ &quot;Ягодное&quot;,27 Марта - 28 Марта,2021,Лагерь,факультетский,Ответственный исполнитель
3,Online-лагерь для руководителей и членов клубов,27 Июля - 29 Июля,2020,Лагерь,университетский,Ответственный исполнитель
3,ISolation,27 Апреля - 10 Мая,2020,Выставка,университетский,Организатор
3,Квиз в рамках 2 раунда &quot;ITMO.Megabattle&quot;,27 Апреля,2019,Игра,университетский,Участник
3,ITMO.Megabattle Раунд 2 (2022),26 Февраля - 31 Мая,2022,Фестиваль,университетский,"Ответственный исполнитель, Участник"
3,Благотворительная ярмарка в поддержку фонда Доброделы «День Добра»,26 Сентября,2021,Встреча,городской,"Волонтер, Участник"
3,День открытых дверей Университета ИТМО для поступающих в бакалавриат,25 Ноября,2018,День открытых дверей,университетский,Волонтер
3,Слет актива ITMO.Megabattle,25 Мая - 26 Мая,2019,Слет,университетский,Участник
3,Чемпионат Университета ИТМО по киберспорту. Minecraft.Весна (Kronbars Games),25 Апреля,2021,Соревнование,университетский,Участник
3,Полуфинал Кубка Ректора ПГУПС,25 Апреля,2021,Концерт,городской,Участник
3,Хэллоуин МФ БТинС,24 Октября,2020,Квест,факультетский,Организатор
3,Вводная встреча секции автомногоборья Университета ИТМО,24 Ноября,2021,Встреча,университетский,Участник
3,Финал 2 раунда &quot;ITMO.Megabattle&quot;,24 Мая,2019,Концерт,университетский,Участник
3,ITMO Family Day mini 2023,24 Марта,2023,Праздник,университетский,Организатор
3,ЁЛКА х ИТМО,24 Декабря,2022,Праздник,университетский,"Организатор, Участник"
3,БОЛЬШОЙ КУБОК ПАНЧЛАЙНА,24 Апреля - 29 Апреля,2023,Фестиваль,университетский,Организатор
3,Заседание Рабочей группы по студенческому спорту Комитета по физической культуре и спорту Государственной Думы РФ,23 Сентября,2022,Заседание,всероссийский,Организатор
3,новогодний музыкальный марафон soundscape,23 Декабря,2020,Лекция,городской,Участник
3,Шоу ASK.ITMO.WEEK 2.0,22 Января - 14 Июня,2022,Интервью,университетский,Участник
3,INSTAКВЕСТ &quot;Дорога в Высшую Лигу&quot; от Лиги КВН POINT,22 Мая - 23 Мая,2020,Квест,городской,Участник
3,День рождения Университета ИТМО (121 год),22 Марта - 26 Марта,2021,Юбилеи,университетский,Участник
3,Межфакультетская игра КВН 2019,22 Апреля,2019,Конкурс,университетский,Участник
3,1/2 финала Открытой Лиги КВН Университета ИТМО POINT 2020,21 Ноября,2020,Фестиваль,городской,Участник
3,Фестиваль актуального научного кино (ФАНК),20 Ноября - 21 Ноября,2018,Фестиваль,городской,Волонтер
3,ITMO.MUSICAL «Последний заказ»,20 Мая,2021,Концерт,университетский,Участник
3,День рождения Университета ИТМО (123 года),20 Марта - 24 Марта,2023,Юбилеи,университетский,Организатор
3,Хакатон be ITMO: цифровой профиль счастья,20 Июня - 24 Июня,2023,Хакатон,университетский,Ответственный исполнитель
3,Интеллектуальный этап Мистера и Мисс ИТМО 2022,20 Апреля,2022,Конкурс,городской,Организатор
3,Ежегодная районная профилактическая молодежная акция «ЗдорОво жить - здорово»,19 Сентября,2018,Акция,районный,Участник
3,Конкурс «Лучший выпускник Университета ИТМО 2023 года»,19 Мая - 08 Июля,2023,Конкурс,университетский,Участник
3,Финал Открытой Лиги КВН POINT Университета ИТМО 2020,19 Декабря,2020,Концерт,городской,Участник
3,ИТМО.ПАНЧЛАЙН 1/2,18 Марта - 19 Марта,2022,Концерт,университетский,"Организатор, Участник"
3,Финал 1 раунда ITMO.Megabattle,18 Декабря,2020,Гала-концерт,университетский,Ответственный исполнитель
3,ИТМО.Панчлайн Фрешмены,17 Октября - 21 Октября,2022,Концерт,университетский,"Куратор студентов, Организатор"
3,Официальный TikTok аккаунт @itmoru,17 Ноября - 31 Декабря,2020,Проект,университетский,Участник
3,День открытых дверей мегафакультета биотехнологий и низкотемпературных систем,17 Ноября,2019,День открытых дверей,университетский,Волонтер
3,Конкурс инициатив и проектов ITMO.FUTURE 2.0,17 Марта - 10 Декабря,2021,Конкурс,университетский,Участник
3,Открытие факультета энергетики и экотехнологий,17 Декабря,2020,Вечер,университетский,Ответственный исполнитель
3,Научный стендап «Квантовый потанцевал»,17 Апреля,2020,Встреча,университетский,Волонтер
3,Форт ИТМО XIII. Украсть башню,17 Апреля,2022,Квест,университетский,Волонтер
3,Онлайн-марафон знакомства с университетом — ITMO_Enter:online,17 Августа - 30 Августа,2022,День открытых дверей,университетский,Участник
3,Программа развития надпредметных компетенций «StudentsUP.Club»,16 Сентября - 19 Сентября,2019,Курс,университетский,Волонтер
3,Конференция обучающихся Университета ИТМО,16 Октября,2019,Конференция,университетский,Волонтер
3,Семинар «Актуальные проблемы и стратегии развития GreenTech»,16 Ноября,2020,Семинар,университетский,Ответственный исполнитель
3,Конкурс «Лучший выпускник Университета ИТМО 2022 года»,16 Мая - 02 Июля,2022,Конкурс,университетский,Участник
3,ФИНАЛ ИТМО И ПАНЧЛАЙНА,16 Декабря,2022,Концерт,университетский,Организатор
3,ITMO_ENTER: online,16 Августа - 30 Августа,2021,Марафон,университетский,Участник
3,Создание и продвижение бренда GreenTech,15 Октября - 20 Января,2020,Проект,университетский,Ответственный исполнитель
3,Проект &quot;ITMO.STEP&quot;. Осень 2018,15 Октября - 19 Ноября,2018,Проект,региональный,Участник
3,Школа добровольцев Университета ИТМО,15 Октября - 02 Ноября,2018,Школа,университетский,Участник
3,IX Конгресс молодых ученых,15 Апреля - 18 Апреля,2020,Конгресс,всероссийский,Волонтер
3,Конкурс «Студент года» в системе высшего образования Санкт-Петербурга в 2021 году,15 Августа - 24 Ноября,2021,Конкурс,городской,Участник
3,Х Конгресс молодых ученых,14 Апреля - 17 Апреля,2021,Лекция,всероссийский,Волонтер
3,Конкурс грантов ITMO.STUDENTS весна 2022,14 Апреля - 13 Мая,2022,Конкурс,университетский,Участник
3,Лига Университета ИТМО по мини-футболу (2 круг),13 Февраля - 28 Марта,2021,Соревнование,университетский,Ответственный исполнитель
3,Проект &quot;Интернет бактерий&quot;,13 Октября - 23 Октября,2020,Проект,всероссийский,Волонтер
3,Фестиваль &quot;Друг к другу&quot;,13 Ноября - 14 Ноября,2021,Фестиваль,городской,Волонтер
3,ITMO.Megabattle,13 Марта - 30 Мая,2020,Фестиваль,университетский,Участник
3,КУБОК ФРЕШМЕНОВ,13 Марта - 18 Марта,2023,Фестиваль,университетский,Организатор
3,Фестиваль образовательных игр Gamechangers 2021,13 Марта - 14 Апреля,2021,Фестиваль,международный,Волонтер
3,Спортивный этап Мистера и Мисс ИТМО 2022,13 Апреля,2022,Конкурс,городской,Организатор
3,Летник ИТМО.Панчлайна,13 Августа - 19 Августа,2022,Лагерь,университетский,Организатор
3,Выездной лагерь МФ БТиНС в рамках &quot;ITMO.Megabattle&quot;,12 Октября - 13 Октября,2019,Лагерь,факультетский,Организатор
3,Финал конкурса «Мистер и Мисс ИТМО. The First Step»,12 Апреля,2019,Финал,университетский,Участник
3,Шоу &quot;Мистер и Мисс ИТМО 2019&quot;,12 Апреля,2019,Конкурс,городской,Участник
3,ITMO.Megabattle,11 Сентября - 18 Декабря,2020,Фестиваль,университетский,"Ответственный исполнитель, Участник"
3,ITMO.Megabattle Раунд 1 (2021),11 Сентября - 12 Декабря,2021,Фестиваль,университетский,"Ответственный исполнитель, Участник"
3,Выезд в рамках Обучающей школы проекта &quot;Адаптер Университета ИТМО&quot;,11 Мая - 12 Мая,2019,Деловая игра,университетский,Участник
3,Цифровой выпускной в Университете ИТМО «ИТМО.Live-2020»,11 Июля,2020,Торжества,университетский,"Волонтер, Участник"
3,Викторина IS дома,11 Апреля - 30 Апреля,2020,Игра,университетский,Организатор
3,Мистер и Мисс ИТМО 2019,10 Февраля - 12 Апреля,2019,Конкурс,городской,Участник
3,1/4 финала Открытой Лиги КВН Университета ИТМО POINT 2020,10 Октября,2020,Фестиваль,городской,Участник
3,В Питере - учиться!,10 Марта,2021,Лекция,городской,"Ответственный исполнитель, Участник"
3,ИТМО.ПАНЧЛАЙН ФИНАЛ,10 Декабря,2021,Концерт,университетский,"Организатор, Участник"
3,Sweet Dreams Show,10 Апреля - 20 Мая,2022,Конкурс,городской,Организатор
3,Выезд мегафакультета биотехнологий и низкотемпературных систем и мегафакультета наук о жизни в УСОЦ «Ягодное» в рамках проекта ITMO.Megabattle,09 Октября - 10 Октября,2021,Лагерь,университетский,"Ответственный исполнитель, Участник"
3,#НыряемвРеки,09 Декабря - 29 Декабря,2020,Марафон,университетский,"Ответственный исполнитель, Участник"
3,Викторина IS совместно с GreenTech.Students,09 Декабря,2020,Игра,университетский,"Ответственный исполнитель, Участник"
3,Марафон ITMO.levelUP 2,08 Марта - 05 Апреля,2021,Марафон,университетский,Ответственный исполнитель
3,ITMO.LiVE 2023,08 Июля,2023,Праздник,городской,Организатор
3,Установочная лекция секции Автоспорта ИТМО,08 Декабря,2021,Лекция,университетский,Участник
3,Шоу &quot;503&quot;,07 Февраля - 01 Апреля,2021,Лекция,университетский,"Ответственный исполнитель, Участник"
3,ASK.ITMO WEEK,07 Октября - 22 Января,2021,Интервью,городской,"Организатор, Участник"
3,Полуфинал ИТМО.Панчлайн V,07 Ноября - 12 Ноября,2022,Концерт,университетский,Организатор
3,Лига Университета ИТМО по мини-футболу,07 Ноября - 12 Декабря,2020,Соревнование,университетский,Ответственный исполнитель
3,Творческий мастер-класс для «Центра социальной помощи семье и детям Василеостровского района&quot;,07 Июля,2021,Акция,университетский,Волонтер
3,Финал открытой лиги КВН POINT,07 Декабря,2018,Конкурс,городской,Участник
3,Деятельность клуба ИТМО.Панчлайн,06 Сентября - 31 Августа,2021,Совещание,университетский,Организатор
3,Выездной лагерь МФБТиНС в рамках &quot;ITMO.Megabattle&quot;,06 Октября - 07 Октября,2018,Лагерь,факультетский,Участник
3,Всероссийский форум студенческих спортивных клубов,06 Ноября - 11 Ноября,2018,Форум,всероссийский,Волонтер
3,ИТМО.ПАНЧЛАЙН,06 Ноября,2020,Концерт,университетский,Ответственный исполнитель
3,Онлайн-фестиваль Лиги КВН POINT,06 Апреля - 30 Апреля,2020,Фестиваль,городской,Участник
3,Онлайн-марафон ITMO.levelUP,06 Апреля - 03 Мая,2020,Онлайн-курс,университетский,Участник
3,Эмоциональный этап Мистера и Мисс ИТМО 2022,06 Апреля,2022,Конкурс,городской,Организатор
3,Начало первого раунда ИТМО.Панчлайн 2021,04 Октября - 11 Октября,2021,Встреча,университетский,Организатор
3,Выборы председателя ITMO.STUDENTS - ITMO.Leaders,04 Октября - 03 Ноября,2022,Массовое онлайн мероприятие,университетский,"Организатор, Участник"
3,XI Конгресс молодых ученых 2022 года,04 Апреля - 08 Апреля,2022,Конгресс,университетский,Участник
3,1/4 Кубка Ректора ПГУПС,04 Апреля,2021,Концерт,городской,Участник
3,Выезд МФ БТинС в УСОЦ &quot;Ягодное&quot;,03 Октября - 04 Октября,2020,Лагерь,университетский,Ответственный исполнитель
3,Пятьдесят первая (LI) научная и учебно-методическая конференция Университета ИТМО,02 Февраля - 05 Февраля,2022,Конференция,университетский,Участник
3,INTRODUCTION DAYS,02 Сентября - 03 Сентября,2019,Фестиваль,университетский,Волонтер
3,Межфакультетская игра КВН Университета ИТМО (при открытой лиге КВН POINT),02 Ноября,2018,Конкурс,университетский,Участник
3,Встреча инициативной группы GreenTech,02 Ноября,2020,Встреча,университетский,Ответственный исполнитель
3,Межфакультетская игра КВН Университета ИТМО,02 Ноября,2018,Игра,университетский,Участник
3,Освещение культурно-творческих событий Университета ИТМО 2021 год,01 Января - 31 Декабря,2021,Проект,университетский,Участник
3,Викторина IS,01 Сентября - 23 Декабря,2020,Игра,университетский,"Ответственный исполнитель, Участник"
3,Шоу ASK.ITMO.WEEK,01 Сентября - 21 Января,2021,Интервью,университетский,Участник
3,ITMO_ENTER: Offline,01 Сентября - 03 Сентября,2022,Встреча,университетский,"Ответственный исполнитель, Участник"
3,Благотворительный Online фестиваль приютов «Приюти Добро»,01 Ноября - 07 Ноября,2020,Лекция,городской,Участник
3,Межфакультетская игра Открытой лиги КВН &quot;POINT&quot;,01 Ноября,2019,Концерт,университетский,Участник
3,Весенний субботник &quot;Эстрада&quot;,01 Мая - 03 Мая,2019,Слет,университетский,Участник
3,Викторина IS,01 Марта - 18 Апреля,2021,Игра,университетский,"Ответственный исполнитель, Участник"
3,ITMO.Megabattle Раунд 2 (2021),01 Марта - 04 Июня,2021,Фестиваль,университетский,"Ответственный исполнитель, Участник"
3,ITMO.Megabattle TV-show,01 Июня - 07 Июня,2020,Концерт,университетский,Ответственный исполнитель
3,Выезд актива ФТМИ в Ягодное,01 Июня - 02 Июня,2019,Лагерь,факультетский,Участник
3,Квест «Попади на МКС POINT»,01 Июля - 31 Июля,2020,Квест,городской,Участник
3,Новогодние праздники и мастер-классы для детей,01 Декабря - 30 Декабря,2021,Мастер-класс,городской,Волонтер
3,Всероссийский форум «Актуальные вопросы развития студенческого спорта» 2021,01 Декабря - 04 Декабря,2021,Форум,всероссийский,"Волонтер, Участник"
3,Всероссийский форум &quot;Актуальные вопросы развития студенческого спорта&quot; 2022,01 Декабря - 02 Декабря,2022,Форум,всероссийский,"Организатор, Участник"
3,Открытие зимы в ИТМО 2019,01 Декабря,2019,Публичное массовое зрелище,университетский,Ответственный исполнитель
3,ФИНАЛ ИТМО.ПАНЧЛАЙН IV,01 Апреля,2022,Концерт,университетский,"Организатор, Участник"
2, Пятьдесят вторая (LII) научная и учебно-методическая конференция Университета ИТМО,31 Января - 03 Февраля,2023,Конференция,университетский,Участник
2,Деятельность проекта &quot;Адаптер&quot;. Осень 2018,31 Августа - 31 Января,2018,Проект,университетский,Волонтер
2,Introduction Days,31 Августа - 03 Сентября,2020,День открытых дверей,университетский,Ответственный исполнитель
2,Финал 1 раунда битвы мегафакультетов &quot;ITMO.Megabattle&quot;,30 Ноября,2018,Гала-концерт,университетский,Ответственный исполнитель
2,XLIX научная и учебно методическая конференция НИУ ИТМО,29 Января - 01 Февраля,2020,Конференция,университетский,Участник
2,Выездной лагерь МФФ в рамках &quot;ITMO.Megabattle&quot;,29 Сентября - 30 Сентября,2018,Лагерь,факультетский,Организатор
2,Финал первого раунда битвы мегафакультетов «ITMO.Megabattle»,29 Ноября,2019,Концерт,университетский,Организатор
2,Форт ИТМО,28 Апреля,2019,Конкурс,городской,Участник
2,Квиз в рамках 2 раунда &quot;ITMO.Megabattle&quot;,27 Апреля,2019,Игра,университетский,Участник
2,Выездной лагерь проекта «Адаптер Университета ИТМО»,27 Августа - 29 Августа,2018,Лагерь,университетский,Участник
2,Квест-игра &quot;Fotonics Horror Story&quot;,25 Сентября,2019,Квест,факультетский,Организатор
2,МастерШеф в рамках 2 раунда &quot;ITMO.Megabattle&quot;,25 Марта,2019,Мастер-класс,университетский,Участник
2,3-й этап Межмуниципальных Соревнований по скандинавской ходьбе «Марафон Долголетия-2019,25 Августа,2019,Соревнование,региональный,Волонтер
2,Финал 2 раунда &quot;ITMO.Megabattle&quot;,24 Мая,2019,Концерт,университетский,Организатор
2,Экзамен Обучающей школы проекта «Адаптер Университета ИТМО»,20 Мая,2018,Экзамен,университетский,Участник
2,Квест-игра &quot;Photonics Horror Story&quot;,19 Сентября,2020,Квест,факультетский,Организатор
2,Выездной лагерь МФ Фотоники в рамках &quot;ITMO.Megabattle&quot;,19 Октября - 20 Октября,2019,Лагерь,факультетский,Организатор
2,ITMO FAMILY DAY,18 Июня,2022,Фестиваль,городской,Участник
2,Финал 1 раунда ITMO.Megabattle,18 Декабря,2020,Гала-концерт,университетский,Ответственный исполнитель
2,"Деловая игра «#ТыжАдаптер» в рамках проекта «Адаптер Университета
ИТМО»",14 Апреля,2018,Игра,университетский,Участник
2,ITMO.Megabattle,13 Марта - 30 Мая,2020,Фестиваль,университетский,Участник
2,ITMO.Megabattle,11 Сентября - 18 Декабря,2020,Фестиваль,университетский,Ответственный исполнитель
2,Выезд Мегафакультета Фотоника в УСОЦ &quot;Ягодное&quot;,10 Октября - 11 Октября,2020,Лагерь,университетский,Организатор
2,Чемпионат Университета ИТМО среди первокурсников по бадминтону,07 Октября,2017,Соревнование,университетский,Участник
2,Турнир новичка Университета ИТМО по бадминтону,07 Октября,2017,Соревнование,университетский,Участник
2,"Обучающая школа проекта “Адаптер Университета ИТМО”, весна 2018",05 Марта - 13 Мая,2018,Школа,университетский,Участник
2,INTRODUCTION DAYS,02 Сентября - 03 Сентября,2019,Фестиваль,университетский,Волонтер
2,ITMO.Megabattle TV-show,01 Июня - 07 Июня,2020,Концерт,университетский,Ответственный исполнитель
10,Introduction Days,31 Августа - 03 Сентября,2020,День открытых дверей,университетский,Волонтер
10,Мистер и Мисс ИТМО 2022,27 Января - 30 Апреля,2022,Конкурс,университетский,Участник
10,ITMO.Megabattle Раунд 2 (2022),26 Февраля - 31 Мая,2022,Фестиваль,университетский,"Волонтер, Участник"
10,Квест-детектив &quot;Uтечка&quot; для первокурсников,25 Сентября,2021,Квест,университетский,Ответственный исполнитель
10,Алые Паруса 2022,24 Июня - 25 Июня,2022,Праздник,городской,Участник
10,ИТМО с тобой. Музыкальное видео,22 Июня - 11 Июля,2020,Акция,университетский,"Волонтер, Участник"
10,медиашкола MBSchool,20 Сентября - 30 Декабря,2021,Школа,городской,Волонтер
10,ITMO.MUSICAL «Последний заказ»,20 Мая,2021,Концерт,университетский,Участник
10,Квест-игра &quot;Photonics Horror Story&quot;,19 Сентября,2020,Квест,факультетский,Ответственный исполнитель
10,ITMO FAMILY DAY,18 Июня,2022,Фестиваль,городской,"Участник, Участник"
10,Финал 1 раунда ITMO.Megabattle,18 Декабря,2020,Гала-концерт,университетский,Ответственный исполнитель
10,Квест для первокурсников &quot;Contro la famiglia&quot;,17 Сентября,2022,Квест,факультетский,Волонтер
10,Форт ИТМО XIII. Украсть башню,17 Апреля,2022,Квест,университетский,Волонтер
10,Спектакль Театра Миниатюр &quot;Где нет темноты&quot;,15 Мая,2022,Спектакль,университетский,Волонтер
10,Митап для руководителей и сотрудников Центров карьеры вузов России,14 Сентября,2022,Митап,межвузовский,Волонтер
10,ITMO.Megabattle,13 Марта - 30 Мая,2020,Фестиваль,университетский,Участник
10,Подкаст Что под скорлупой,12 Ноября - 05 Февраля,2020,Проект,всероссийский,Ответственный исполнитель
10,ITMO.Megabattle,11 Сентября - 27 Ноября,2020,Фестиваль,университетский,Ответственный исполнитель
10,ITMO.Megabattle,11 Сентября - 18 Декабря,2020,Фестиваль,университетский,Участник
10,ITMO.Megabattle Раунд 1 (2021),11 Сентября - 12 Декабря,2021,Фестиваль,университетский,Волонтер
10,Участие студентов ИТМО в фестивале Арт Студия 2022,11 Мая - 29 Мая,2022,Фестиваль,городской,Участник
10,Участие студентов ИТМО в фестивале Студенческая Весна СПб 2022,11 Апреля - 15 Мая,2022,Фестиваль,городской,Участник
10,ITMakeup.Individuals,10 Сентября - 30 Ноября,2020,Курс,университетский,Волонтер
10,ITMO.Megabattle Раунд 1 (2022),10 Сентября - 11 Декабря,2022,Фестиваль,университетский,Участник
10,Закрытие спортивного сезона &quot;BARS PARTY&quot;,09 Июня,2022,Вечеринка,университетский,Участник
10,Фестиваль студенческих клубов «CLUB.FEST» ,08 Сентября - 09 Сентября,2022,Фестиваль,университетский,Волонтер
10,Фотошкола Мегабайт MBSCHOOL.PHOTO BASIC 21,08 Октября - 25 Декабря,2021,Школа,общественный,Участник
10,ИТМО.ПАНЧЛАЙН,06 Ноября,2020,Концерт,университетский,Участник
10,Съёмка танцевальных видео о законах физики,05 Декабря - 31 Января,2020,Проект,университетский,Участник
10,Фестиваль Студенческая весна Санкт-Петербурга 2021,05 Апреля - 03 Мая,2021,Конкурс,городской,Участник
10,ITMO.LiVE 2022 — Выпускной Университета ИТМО,02 Июля,2022,Встреча,университетский,Участник
10,Внешние культурно-творческие мероприятия 2022,01 Января - 31 Декабря,2022,Конкурс,университетский,Участник
10,Медиашкола MBschool.photo,01 Марта - 28 Мая,2021,Проект,университетский,Волонтер
10,ITMO.Megabattle Раунд 2 (2021),01 Марта - 04 Июня,2021,Фестиваль,университетский,"Волонтер, Участник"
10,ITMO.Megabattle TV-show,01 Июня - 07 Июня,2020,Концерт,университетский,Участник
10,Вечер танцевальных перформансов «Видимое невидимое. Work in progress»,01 Декабря,2022,Концерт,университетский,Участник